time,x,x_dot,z,z_dot,theta,theta_dot,u1,u2,x_ref,z_ref,theta_ref
0.0,0.27395604855596334,-0.0012224312049589538,1.3020370878759355,0.003947360581187278,-0.24349359126741027,0.009512447032735119,0.056323375067221494,0.0563233821412111,0,1,0
0.02004008016032064,0.2735293703513736,-0.021333910229488377,1.2998155844102406,-0.11107517328474523,-0.24355294765633517,-0.0029678194462470324,0.05632338773677426,0.05982255771854326,0,1,0
0.04008016032064128,0.2726883795191874,-0.04204954160931099,1.295345982527582,-0.2234800941329359,-0.24119968497944352,0.11766313384458431,0.05632337526807956,0.059360439646050304,0,1,0
0.06012024048096192,0.2714345761239916,-0.06269016975979015,1.2886240238654023,-0.3360979331089778,-0.23556105229872476,0.2819316340359388,0.05632337503012832,0.0579418602486755,0,1,0
0.08016032064128256,0.2697777162427149,-0.08284299406383264,1.2796330961167999,-0.4495463874301209,-0.22852717959688623,0.35169363509192725,0.05632363621638435,0.05780529740269662,0,1,0
0.1002004008016032,0.26772805764115903,-0.1024829300777926,1.268376754178829,-0.5628170968985526,-0.22002705164568082,0.4250063975602698,0.056324006968819645,0.057456996640183965,0,1,0
0.12024048096192384,0.26529886527093616,-0.12145961851114287,1.2548563884702937,-0.6760182854267589,-0.21004276491047283,0.49921433676039784,0.07567044215662307,0.07637799030509998,0,1,0
0.1402805611222445,0.2623812958723357,-0.1458784699300207,1.2396325315512577,-0.7611928459517996,-0.1994600834993798,0.5291340705546511,0.1108651904137154,0.11176918989854717,0,1,0
0.16032064128256512,0.2587798239663047,-0.1800735953015487,1.2237360904175836,-0.7948220566837093,-0.18733758986822036,0.606124681557973,0.1325897589225913,0.1331110801377584,0,1,0
0.18036072144288576,0.2544034790614595,-0.21881724524226134,1.2078009967643584,-0.7967546826612615,-0.1744326293427179,0.6452480262751215,0.14373284226571884,0.14426037414420137,0,1,0
0.2004008016032064,0.24923867477559739,-0.2582402142931051,1.1921611008686648,-0.7819947947846756,-0.1605821630101652,0.6925233166276321,0.1495342743344984,0.14986440398496106,0,1,0
0.22044088176352705,0.24331170068685934,-0.29634870443690237,1.176992248289938,-0.7584426289363386,-0.14667094725166419,0.6955607879250533,0.1513126311359906,0.151932222249526,0,1,0
0.24048096192384769,0.23667495666851188,-0.3318372009173737,1.162360129470592,-0.7316059409672995,-0.13216720748079602,0.7251869885434099,0.1525140391951821,0.15299407493276707,0,1,0
0.2605210420841683,0.22938617331613362,-0.36443916761891226,1.1483065704216477,-0.7026779524472158,-0.11695853797028397,0.7604334755256018,0.15300071617474634,0.15315030760920753,0,1,0
0.280561122244489,0.22151033073124682,-0.3937921292443401,1.1348491679357193,-0.672870124296421,-0.1021036905242539,0.742742372301505,0.1522467134663207,0.15266556714468132,0,1,0
0.3006012024048096,0.2131185896259575,-0.41958705526446544,1.1219772828113062,-0.6435942562206588,-0.08696125868564904,0.7571215919302425,0.15279264689569733,0.1529945118603776,0,1,0
0.32064128256513025,0.20427706770559823,-0.4420760960179644,1.109710193352236,-0.6133544729535102,-0.07187946295018972,0.7540897867729647,0.1529431440846147,0.1530615318374398,0,1,0
0.3406813627254509,0.19505425795824619,-0.46114048736760205,1.0980566093625583,-0.582679199483878,-0.05677730603255991,0.7551078458814915,0.15364866657083906,0.1535534836321419,0,1,0
0.3607214428857715,0.18551762097501823,-0.4768318491613984,1.0870386667909102,-0.5508971285824031,-0.04211976276925294,0.7328771631653487,0.15404424235214298,0.1539651346893968,0,1,0
0.3807615230460922,0.1757350468435075,-0.4891287065755361,1.076671709608596,-0.5183478591157111,-0.027160688878503005,0.7479536945374967,0.155578527180743,0.1549486921121481,0,1,0
0.4008016032064128,0.16577227566217215,-0.49813855906676663,1.0669952798816298,-0.48382148634831257,-0.012954583835888038,0.7103052521307481,0.15593662533015476,0.15536680924830695,0,1,0
0.42084168336673344,0.15569782384783348,-0.5037225907169331,1.0580221686690996,-0.44865556062651124,0.0006497401462072372,0.6802161991047639,0.1565960657946035,0.15595041933840914,0,1,0
0.4408817635270541,0.1455766387747372,-0.5060592536548146,1.0497710080219993,-0.41255803235501065,0.014223899049271954,0.6787079451532358,0.15773901842245558,0.1565750664088001,0,1,0
0.4609218436873747,0.1354719390137652,-0.5052349880485999,1.0422672621365994,-0.37518729426999137,0.026694451795395327,0.6235276373061684,0.15755729232270868,0.15652734264155815,0,1,0
0.48096192384769537,0.12544676907375676,-0.5012584970004211,1.0355059319829505,-0.33806650768244273,0.03797150455278627,0.5638526378695478,0.15715563525145246,0.15632482372785997,0,1,0
0.501002004008016,0.11555839686543895,-0.49441861041589047,1.0294757815968578,-0.3015075193046375,0.04862950885696445,0.532900215208909,0.1569533931353683,0.1559303989670239,0,1,0
0.5210420841683366,0.10585866948265259,-0.4849863691393183,1.0241652231375407,-0.26552792296586136,0.05808792499837956,0.47292080707075507,0.15598936863494153,0.15514469450292265,0,1,0
0.5410821643286573,0.0963948632226222,-0.47319031300151954,1.0195452065498347,-0.23100082938529376,0.06724144339247907,0.45767591970497556,0.1555815700781398,0.154312429706353,0,1,0
0.561122244488978,0.08720886628916744,-0.4592998466727377,1.0155941110326234,-0.19755477586056017,0.0759222648375711,0.43404107225460087,0.15474782024044587,0.15311662937797926,0,1,0
0.5811623246492986,0.07834019219299646,-0.44343370480854916,1.0122784044964568,-0.16578532680833036,0.0835905829003421,0.3834159031385493,0.15345524625967405,0.15180345591283848,0,1,0
0.6012024048096192,0.06982522320365246,-0.42574844946719975,1.0095559298362893,-0.13612373300837785,0.08947227126527726,0.29408441824675924,0.15149383452003218,0.15036973926722538,0,1,0
0.6212424849699398,0.06169363551161171,-0.40657938460203763,1.00737304473125,-0.10914425525196503,0.09417957699733732,0.23536528660300346,0.14937133249185566,0.14843727448473393,0,1,0
0.6412825651302605,0.053965492420770415,-0.3864071545420645,1.005666972643934,-0.08530360436579261,0.09817882900100033,0.19996260018314974,0.14751263348491353,0.14648730373091673,0,1,0
0.6613226452905812,0.04665550770338883,-0.3654992358690792,1.0043790579690037,-0.06439573374651159,0.1014873958102634,0.16542834046315374,0.1457574743677173,0.1446390590675662,0,1,0
0.6813627254509018,0.03977531488341424,-0.34400964099872977,1.0034540090370518,-0.046252446597599764,0.10376315653332906,0.11378803615328317,0.14370967732668127,0.14274656909396377,0,1,0
0.7014028056112224,0.03333238445759176,-0.32214652129112387,1.0028319171145432,-0.031104596125433204,0.10546990872872294,0.08533760976969434,0.14198213269080426,0.14090047016068213,0,1,0
0.721442885771543,0.027330313912238047,-0.30010352726768574,1.0024587965210845,-0.018656029672938078,0.10638508459959835,0.045758793543768654,0.14041822738986445,0.13938537299980322,0,1,0
0.7414829659318637,0.02177132985187958,-0.2779492030179233,1.0022882684527696,-0.008526403415741401,0.10559697363650113,-0.03940554815485974,0.13839644485038716,0.13807355832364623,0,1,0
0.7615230460921844,0.016653130264088104,-0.2559099793895738,1.0022706105060761,-0.0008828973346699321,0.10419452139758095,-0.0701226119460091,0.1367313055382982,0.13648818656131245,0,1,0
0.781563126252505,0.011967060524034246,-0.23430348700269288,1.0023581200774243,0.004375478567405618,0.10190893907373547,-0.11427911619227382,0.13529534585396485,0.13535358096267341,0,1,0
0.8016032064128256,0.007702675665712782,-0.21321924291607322,1.0025134114675467,0.007764569506120698,0.0996077124710111,-0.11506133013621725,0.13427945988188825,0.13410744097367522,0,1,0
0.8216432865731462,0.0038469842609913287,-0.19278457023607265,1.0027040254462056,0.009530698932948964,0.09706515920186148,-0.12712766345748266,0.13349225396822526,0.13324114085728544,0,1,0
0.8416833667334669,0.0003880831147673805,-0.17294505731119741,1.0029064762351907,0.010122539449255057,0.09403304457227946,-0.15160573147910153,0.13282501989707643,0.13267902540382007,0,1,0
0.8617234468937875,-0.002686270326426,-0.15371767205966902,1.0031036152949353,0.009856952987235249,0.09068383377343478,-0.1674605399422329,0.1322381459806875,0.132117705428638,0,1,0
0.8817635270541082,-0.005390136142587319,-0.1351932908080659,1.0032796533419228,0.008801902349380962,0.08739159079801095,-0.16461214877119384,0.13185510783382115,0.13153137959517136,0,1,0
0.9018036072144289,-0.0077380356596115545,-0.11739497585121178,1.0034215202551824,0.007093345662981009,0.08356361026938801,-0.19139902643114526,0.13153109533350285,0.13140767921258087,0,1,0
0.9218436873747494,-0.009743804639673587,-0.10028844900310159,1.0035237839353268,0.0051131840072262,0.07956275076530445,-0.20004297520417788,0.1312871754537687,0.1311649169078126,0,1,0
0.9418837675350701,-0.011423402431274026,-0.08397988958002198,1.0035805692947248,0.002839267969898731,0.0757134161637912,-0.19246673007566284,0.1312067639057102,0.13088671500725035,0,1,0
0.9619238476953907,-0.012792774672674931,-0.06846861207004527,1.0035878885234741,0.0003659614374681842,0.07129571294230914,-0.2208851610741027,0.1311295117024546,0.13110096255307,0,1,0
0.9819639278557114,-0.013867245311871485,-0.05372353195982772,1.0035489676047074,-0.0019460459383418643,0.06710471104618132,-0.20955009480639153,0.13110970309028472,0.13088745110549915,0,1,0
1.002004008016032,-0.014664376750246327,-0.03985657191874205,1.003461658165162,-0.004365471977266357,0.0628603253760359,-0.21221928350727035,0.13121482132712392,0.1309846677860305,0,1,0
1.0220440881763526,-0.015200274305238421,-0.026794877749604692,1.0033301156392103,-0.0065771262975940215,0.05823818811617935,-0.23110686299282815,0.13127891859698576,0.131279887042712,0,1,0
1.0420841683366733,-0.015491397657185905,-0.0145561675973742,1.0031607588256204,-0.008467840679491901,0.05365414066863921,-0.229202372377007,0.13141277551792743,0.13140647508882128,0,1,0
1.062124248496994,-0.015555475431254049,-0.0032038887034072094,1.0029585572058137,-0.010110080990332542,0.04872203876794026,-0.24660509503494762,0.13155906232412323,0.13182403365885903,0,1,0
1.0821643286573146,-0.01541010289019425,0.007268627052989935,1.0027328757690057,-0.011284071840403708,0.043732163359534816,-0.249493770420272,0.13172270709201536,0.13210769549377302,0,1,0
1.1022044088176353,-0.01507400749179772,0.016804769919826573,1.0024913375871285,-0.012076909093861578,0.038124774153692656,-0.28036946029210785,0.13178405729053855,0.13270041566366816,0,1,0
1.122244488977956,-0.014566811837212144,0.025359782729278767,1.002244538852379,-0.012339936737471201,0.03311298164235982,-0.2505896255666425,0.1320438795128236,0.13273512270500884,0,1,0
1.1422845691382766,-0.013910738637893666,0.03280365996592394,1.001997744570792,-0.012339714079358998,0.029082972769266236,-0.20150044365467884,0.1323927085624682,0.1325725893373122,0,1,0
1.1623246492985972,-0.01312495719170694,0.039289072309336266,1.0017544146143993,-0.012166497819634359,0.024634225204190605,-0.22243737825378143,0.1324398795127934,0.13300897217256344,0,1,0
1.1823647294589177,-0.012225642483594494,0.044965735405622306,1.0015221999020172,-0.011610735619100887,0.020967974117558293,-0.18331255433161558,0.13266682648511333,0.132857589795679,0,1,0
1.2024048096192383,-0.011229884174330271,0.04978791546321116,1.0013026811334282,-0.010975938429444092,0.016873067804739128,-0.20474531564095827,0.13263620036313073,0.1332349536710386,0,1,0
1.222444889779559,-0.010151919661935727,0.053898225619727194,1.0011013130112216,-0.010068406110326356,0.01237251939498092,-0.22502742048791033,0.13259624477589502,0.13364275373723772,0,1,0
1.2424849699398797,-0.009008129824518468,0.05718949187086302,1.0009238348198986,-0.008873909566154798,0.00835445109845028,-0.20090341482653204,0.1327922524499789,0.133735696681845,0,1,0
1.2625250501002003,-0.007816105487856426,0.059601216833102114,1.0007747668199765,-0.007453399996106994,0.004419230908342003,-0.19676100950541384,0.13275924281128473,0.13385826521518843,0,1,0
1.282565130260521,-0.0065920494184843305,0.06120280346860475,1.0006555764012104,-0.005959520938303209,0.0012823347425118,-0.1568448082915101,0.13280167264434312,0.1335814876659809,0,1,0
1.3026052104208417,-0.005351644311259313,0.062020255361250894,1.0005628658520755,-0.004635527456741802,-0.0011282811944290955,-0.12053079684704478,0.13283978180108155,0.13330670242461848,0,1,0
1.3226452905811623,-0.004107343688302635,0.062215031147833874,1.000493141719746,-0.003486206616474058,-0.002957548428952008,-0.09146336172614565,0.13287433623399272,0.13308571841516356,0,1,0
1.342685370741483,-0.0028686332744658613,0.06193552069183867,1.0004436232923006,-0.0024759213722685344,-0.004447964505755317,-0.07452080384016549,0.1327920391324668,0.13287834369950802,0,1,0
1.3627254509018036,-0.0016426772900112066,0.061297799222732735,1.0004099872449095,-0.001681802369555501,-0.00574927325500823,-0.06506543746264555,0.1327473696201905,0.13279622724425563,0,1,0
1.3827655310621243,-0.0004350906424811581,0.06037933237650242,1.0003903200536137,-0.0009833595647930277,-0.007337821886890989,-0.07942743159413801,0.13257512166336277,0.13290751556926758,0,1,0
1.4028056112224447,0.0007489552854239351,0.05920229639525466,1.0003836806512891,-0.00033197011622714456,-0.008844092109275135,-0.07531351111920732,0.132533015226283,0.13293121357148568,0,1,0
1.4228456913827654,0.001903194350790951,0.057711953268350796,1.0003897443868117,0.00030318677613484345,-0.010135473342709277,-0.06456906167170699,0.13249245167507964,0.13287021434769766,0,1,0
1.442885771543086,0.003021707150692796,0.05592563999509227,1.0004069479991826,0.0008601806185477047,-0.011159685468446413,-0.05121060628685673,0.13245286901962747,0.13276936281603974,0,1,0
1.4629258517034067,0.004099378758126698,0.05388358037169509,1.0004331535100073,0.0013102755412307695,-0.011789908017807877,-0.0315111274680733,0.1325070287803224,0.1326628422398669,0,1,0
1.4829659318637274,0.005132350838800604,0.051648604033695346,1.0004675348412966,0.001719066564469043,-0.012388251165973009,-0.029917157408256595,0.13241051670455267,0.13263059845222733,0,1,0
1.503006012024048,0.006118240488933207,0.0492944825066301,1.0005081493906811,0.002030727469224068,-0.012962592562434224,-0.028717069823060805,0.13236822987542662,0.13266145523781198,0,1,0
1.5230460921843687,0.007054361978434575,0.046806074475068384,1.0005547942673925,0.002332243835572207,-0.01272113155769426,0.01207305023699818,0.13260439180323624,0.13243171997404654,0,1,0
1.5430861723446894,0.007938851370671738,0.04422446961185814,1.0006075311199942,0.0026368426300843097,-0.012709823646774521,0.000565395545986884,0.13238497484892034,0.13240035707881392,0,1,0
1.56312625250501,0.008772647626918425,0.04168981281233433,1.000662652173013,0.002756052650940388,-0.012582440557641907,0.006369154456630508,0.13233697184508947,0.1323238271261157,0,1,0
1.5831663326653307,0.009556094176177449,0.03917232746295121,1.00071831132615,0.0027829576568489944,-0.012808830861479452,-0.011319515191877282,0.13222872219056192,0.13250098330604634,0,1,0
1.6032064128256511,0.010289657396106162,0.03667816099643572,1.0007755353153218,0.0028611994585892417,-0.013037406626775723,-0.01142878826481338,0.1321540416276327,0.132506139873253,0,1,0
1.6232464929859718,0.010972513466683613,0.034142803528872535,1.000833281780505,0.0028873232591611906,-0.013219500130857592,-0.009104675204093329,0.13204796796471535,0.1324482580928194,0,1,0
1.6432865731462925,0.011603582573728028,0.031553455352220774,1.000889110060237,0.0027914139866040606,-0.012817132802578388,0.020118366413960073,0.13223027346831162,0.13231179305088359,0,1,0
1.6633266533066131,0.012182554728880492,0.028948607757623254,1.0009436915486134,0.0027290744188223134,-0.012796702973890437,0.001021491434397552,0.1320285936462235,0.13240659680777972,0,1,0
1.6833667334669338,0.012710823089734712,0.026413418042710995,1.0009954646975734,0.00258865744799562,-0.012441731321949225,0.01774858259706046,0.13213632653408758,0.1323513908041127,0,1,0
1.7034068136272544,0.013188750466359886,0.023896368831258633,1.0010452110615151,0.0024873181970910107,-0.012365317500797975,0.0038206910575625287,0.13199451369012097,0.1324393549824899,0,1,0
1.723446893787575,0.013617512604216585,0.02143810689283495,1.0010921522602878,0.0023470599386300824,-0.01186744571497128,0.024893589291334936,0.13213642739893575,0.13235575809457423,0,1,0
1.7434869739478958,0.013997715996787318,0.019010169628536706,1.0011371582840964,0.002250301190435339,-0.011663133989552273,0.010215586270950289,0.13199576908700814,0.13244473333261617,0,1,0
1.7635270541082164,0.01433148695895883,0.01668854810857553,1.0011794888172796,0.00211652665915569,-0.011811899060070748,-0.007438253525923533,0.13185247742765863,0.13259545227129246,0,1,0
1.783567134268537,0.014619386517991037,0.014394977951610379,1.0012192655630214,0.0019888372870931017,-0.011544340838168653,0.01337791109510466,0.13198439488465177,0.13252582465435975,0,1,0
1.8036072144288577,0.014861106837241308,0.012086015962513581,1.0012574065789293,0.0019070507953935908,-0.011500917901554008,0.002171146830732114,0.1318364098348772,0.1325819415183029,0,1,0
1.8236472945891782,0.015057143176516631,0.009801816963766165,1.0012925645871038,0.001757900408730408,-0.010346507544722064,0.057720517841597346,0.13223851078618232,0.13229312640164367,0,1,0
1.8436873747494988,0.015208037631947707,0.00754472277155376,1.0013264222248386,0.0016928818867385379,-0.009318279376293002,0.05141140842145292,0.13212661820461785,0.13224488773389145,0,1,0
1.8637274549098195,0.01531831232715265,0.0055137347602471016,1.001356657834448,0.001511780480470933,-0.008243519302906788,0.05373800366931078,0.13214992202392528,0.13221791083976905,0,1,0
1.8837675350701402,0.015392302934577579,0.003699530371246459,1.001383259567258,0.001330086640507875,-0.0076940763332015195,0.027472148485263366,0.1319635971550874,0.13236470502919714,0,1,0
1.9038076152304608,0.015434067885136175,0.002088247527929823,1.0014056817267147,0.00112110797283921,-0.007045937734843754,0.03240692991788829,0.1320247224059364,0.132370834183451,0,1,0
1.9238476953907815,0.015445759452463539,0.00058457836636819,1.0014249411752143,0.0009629724249776981,-0.006309331913015264,0.03683029109142448,0.13206979228000104,0.13235686438182184,0,1,0
1.9438877755511021,0.0154298481652617,-0.0007955643600919427,1.0014415199088245,0.0008289366805060873,-0.0053596369514760725,0.047484748076959654,0.13216314620786546,0.13229581182786573,0,1,0
1.9639278557114228,0.015389562299053253,-0.0020142933104222932,1.0014559178724443,0.0007198981809885582,-0.00494564221987029,0.02069973658028901,0.13195711488660639,0.1324259544545138,0,1,0
1.9839679358717435,0.015328346613785768,-0.0030607842633742412,1.0014670342494214,0.0005558188488598514,-0.004215502153885969,0.036507003299216086,0.13209674393056822,0.13235925598065096,0,1,0
2.004008016032064,0.01524800615272952,-0.0040170230528124235,1.0014759604567924,0.0004463103685502953,-0.0036668485697584634,0.027432679206375255,0.13202395419407215,0.1323914853081608,0,1,0
2.024048096192385,0.01515119248582427,-0.004840683345262428,1.0014821104589866,0.00030750010970529443,-0.0027772152140041442,0.044481667787715964,0.13218057435915004,0.1323064593360371,0,1,0
2.0440881763527052,0.015040520526908494,-0.005533597945788823,1.001486555599984,0.00022225704986067587,-0.0026215291574802923,0.007784302826192628,0.13189603727005264,0.13248469174037905,0,1,0
2.064128256513026,0.014919134020957944,-0.006069325297527472,1.0014877336012753,5.8900064568290054e-05,-0.0021381125971554464,0.024170828016242242,0.13205032953888832,0.13243053526427562,0,1,0
2.0841683366733466,0.014787313824324041,-0.006591009831695126,1.0014871322247054,-3.0068828492524433e-05,-0.0008494605375683522,0.06443260297935471,0.13237062796673082,0.132187054144048,0,1,0
2.1042084168336674,0.014647194972433455,-0.0070059425945292915,1.001485895441962,-6.183913716517673e-05,0.0003390421054742023,0.059425132152127726,0.1323374703029568,0.13213816672780376,0,1,0
2.124248496993988,0.01450403920063194,-0.007157788590075749,1.0014828158275797,-0.0001539807191184357,0.0010222955216352264,0.034162670808051215,0.13219628189243102,0.13225951622661003,0,1,0
2.1442885771543083,0.014362286930386575,-0.007087613512268195,1.0014776021451868,-0.0002606841196469177,0.0018331445682855786,0.04054245233251757,0.1322937938505237,0.13222104606646717,0,1,0
2.164328657314629,0.01422445924201464,-0.0068913844185968035,1.001471128984749,-0.00032365802188883384,0.002963161765007377,0.05650085983608994,0.1324408019710928,0.13208410456420516,0,1,0
2.1843687374749496,0.014094111523386155,-0.006517385931424237,1.0014635419582425,-0.00037935132532629037,0.0034494327357299133,0.02431354853612678,0.13223524242866558,0.13222262405898216,0,1,0
2.2044088176352705,0.013975546089376128,-0.005928271700501376,1.0014538381591322,-0.0004851899555115258,0.0037938988845298864,0.01722330743999876,0.1322279713203327,0.13226073443456973,0,1,0
2.224448897795591,0.013870821684372016,-0.005236220250205584,1.0014424700542086,-0.0005684052461764116,0.0037209472655824927,-0.0036475809473697114,0.13210204961463165,0.13237685272520486,0,1,0
2.244488977955912,0.013781086037990348,-0.004486782319083343,1.001429288853614,-0.0006590600297333008,0.0037920017209773734,0.0035527227697440492,0.13218347220538604,0.1323477251139847,0,1,0
2.2645290581162323,0.013706206350643135,-0.0037439843673606576,1.0014150718168364,-0.0007108518388804491,0.003605126692652782,-0.009343751416229572,0.1320975118656769,0.13241294393014635,0,1,0
2.284569138276553,0.013646378313605097,-0.0029914018519018384,1.0013995114424172,-0.0007780187209631612,0.0034159371769698,-0.009459475784149074,0.1321106902310255,0.13242215070103255,0,1,0
2.3046092184368736,0.013600823629722777,-0.002277734194116007,1.0013829431381132,-0.0008284152152076402,0.0032889988589854574,-0.006346915899217138,0.1321290887757152,0.13239169527342848,0,1,0
2.3246492985971945,0.013568722082350892,-0.0016050773685942696,1.0013651916872959,-0.0008875725408648193,0.0033139910112572435,0.0012496076135892842,0.13219907235711378,0.1323455094323067,0,1,0
2.344689378757515,0.013549918610880715,-0.0009401735735088369,1.001346612255292,-0.0009289716001942897,0.0027180150641146384,-0.029798797357130223,0.13199060758796377,0.13253689455762974,0,1,0
2.3647294589178354,0.013544424159769997,-0.0002747225555359157,1.0013269521443373,-0.000983005547733868,0.0019672778144688512,-0.03753686248228939,0.13195736510379827,0.1326364204870181,0,1,0
2.3847695390781563,0.013549998778833668,0.0002787309531835418,1.0013072012328446,-0.0009875455746417253,0.000968037122892036,-0.04996203457884075,0.131870323785858,0.13276164939613722,0,1,0
2.4048096192384767,0.013563223230024572,0.0006612225595451975,1.0012879322285935,-0.0009634502125507662,0.0007953935108982388,-0.008632180599689857,0.13214832917053676,0.13254042364783025,0,1,0
2.4248496993987976,0.013580319174309184,0.0008547972142306133,1.001269991676803,-0.000897027589516976,0.0007702869063035624,-0.0012553302297338238,0.13218412772774063,0.13247819677451977,0,1,0
2.444889779559118,0.013601107961561325,0.001039439362607036,1.0012529875809095,-0.0008502047946768945,-0.00015471423214293763,-0.046250056922324985,0.13185485784228426,0.13275570165825404,0,1,0
2.464929859719439,0.013625281441175936,0.001208673980730502,1.0012361523806081,-0.0008417600150642091,-0.0010953261239074069,-0.04703059458822347,0.1318568430917194,0.13283550125253088,0,1,0
2.4849699398797593,0.013648624113253465,0.0011671336038765147,1.0012206986857315,-0.0007726847438322404,-0.0008568631009094012,0.011923151149900287,0.13226503786539331,0.13250894591808587,0,1,0
2.50501002004008,0.013667882493118746,0.0009629189932640742,1.0012078325556133,-0.0006433065059107884,-0.0008693345124527678,-0.0006235705771683205,0.13214231391605408,0.1325366318171642,0,1,0
2.5250501002004007,0.013684224454908883,0.0008170980895068376,1.001196144857247,-0.0005843849183074772,-0.001452454351790142,-0.029155991966868744,0.13193654025807564,0.13272034614001652,0,1,0
2.5450901803607215,0.013697147718606995,0.000646163184905592,1.0011853077983117,-0.0005418529467618869,-0.0014136724280062265,0.001939096189195813,0.13216426610673515,0.13257035815929327,0,1,0
2.565130260521042,0.01370468745981227,0.00037698706026377115,1.00117646971294,-0.00044190426859330766,-0.0016743727558700301,-0.013035016393190185,0.13202827050598306,0.1326388356843782,0,1,0
2.5851703406813624,0.013706747142608736,0.00010298413982331588,1.0011686289499329,-0.00039203815035374225,-0.0015795920630015553,0.004739034643423713,0.1321598794634183,0.1325522795561119,0,1,0
2.6052104208416833,0.013702597747065696,-0.00020746977715196632,1.0011624505799475,-0.0003089184992657992,-0.001863922061234404,-0.014216499911642422,0.1319982685665809,0.13264807393720532,0,1,0
2.6252505010020037,0.013692301033837935,-0.000514835661388098,1.0011569588188358,-0.00027458805558669696,-0.0017101292074417314,0.007689642689633649,0.13216137012401472,0.13254067293439872,0,1,0
2.6452905811623246,0.013674845296581592,-0.0008727868628170914,1.001152976390643,-0.00019912140963486243,-0.0015274272929217487,0.009135095725999107,0.13214483366655821,0.1324993448766156,0,1,0
2.665330661322645,0.013651043323242401,-0.0011900986669595055,1.001149645915123,-0.00016652377600000733,-0.0017266338839202367,-0.009960329549924408,0.13201563933252067,0.13262379516205117,0,1,0
2.685370741482966,0.013621754640772211,-0.0014644341235095345,1.001146897748492,-0.000137408331549624,-0.00237101410165389,-0.032219010886682636,0.13184694266506744,0.13278367133606916,0,1,0
2.7054108216432864,0.01358587619929367,-0.0017939220739270744,1.0011445994804324,-0.00011491340297878661,-0.002566604664503226,-0.009779528142466791,0.1320068576001983,0.13270117243160873,0,1,0
2.7254509018036073,0.013540622333966421,-0.002262693266362431,1.001143892476167,-3.535021326486633e-05,-0.002001890076903813,0.028235729379970667,0.1322674376549976,0.13247113739573566,0,1,0
2.7454909819639277,0.013485196897393128,-0.0027712718286646335,1.0011452260843243,6.668040785845505e-05,-0.0010014600093634436,0.05002150337701847,0.13241592659324497,0.1322881603534799,0,1,0
2.7655310621242486,0.013422164574964692,-0.003151616121421782,1.0011480927935654,0.00014333546205380098,-0.0004885821113424461,0.02564389490104986,0.1322370888419374,0.1323704275167324,0,1,0
2.785571142284569,0.013355232124923353,-0.0033466225020669436,1.0011510665898826,0.00014868981585669798,0.0001785808617271408,0.03335814865347933,0.13232987315301345,0.13232047405011593,0,1,0
2.8056112224448895,0.013286418469193814,-0.0034406827864769418,1.0011547834157184,0.00018584129179346866,0.0008749851680757156,0.034820215317428745,0.1323500663407197,0.13226829514262237,0,1,0
2.8256513026052104,0.013218629299660386,-0.003389458476671421,1.0011587692173125,0.00019929007970584007,0.000985702220767645,0.005535852634596484,0.1321626388450242,0.13242229266984146,0,1,0
2.845691382765531,0.01315461256414412,-0.0032008367758133193,1.0011625270821336,0.00018789324105488977,0.00074745501929254,-0.01191236007375527,0.13206649497876138,0.1325520835929472,0,1,0
2.8657314629258517,0.013094424705603487,-0.0030093929270316494,1.001166555264636,0.00020140912512715521,0.0010653194353997806,0.015893220805362023,0.13227783810718413,0.13240017061007708,0,1,0
2.885771543086172,0.013037515356537533,-0.0028454674532977387,1.00117173480422,0.00025897697919711457,0.0009028451030101221,-0.008123716619482909,0.13207380023935764,0.13249628298828822,0,1,0
2.905811623246493,0.01298515235481047,-0.0026181500863531617,1.0011764647527277,0.0002364974253857457,0.00045075441976430387,-0.022604534162290912,0.13198740961524227,0.1326198978561589,0,1,0
2.9258517034068134,0.012936526185826375,-0.002431308449204791,1.0011812975684675,0.0002416407869927942,0.00020461982354707744,-0.012306729810861321,0.13208386347849324,0.13261327229135028,0,1,0
2.9458917835671343,0.012889818547827354,-0.0023353818999510482,1.0011875651585724,0.0003133795052507086,0.00016609336834187596,-0.001926322760260073,0.13211560826358346,0.13252728561614274,0,1,0
2.9659318637274548,0.01284386364520256,-0.0022977451312396614,1.0011944631055985,0.00034489735130349296,0.0006248445406446899,0.022937558615140692,0.13228474224622436,0.13236627644631838,0,1,0
2.9859719438877756,0.012798470050326567,-0.002269679743799645,1.0012021112998464,0.0003824097123950094,0.0013931921065958148,0.03841737829755623,0.13239020587431916,0.13222820504878352,0,1,0
3.006012024048096,0.012755673913085647,-0.002139806862045953,1.0012100253505751,0.0003957025364344255,0.0018160098176028343,0.021140885550350996,0.13227648413070178,0.13229077934789069,0,1,0
3.0260521042084165,0.012718367610329321,-0.0018653151378163154,1.001217444266926,0.00037094581753758485,0.0022597901260665884,0.022189015423187707,0.1314905524366088,0.12999533967979457,0,1,0
3.0460921843687374,0.012688481528308428,-0.0014943041010446712,1.0011787159174552,-0.0019364174735303538,0.0008208933539739395,-0.07194483860463244,0.1298181823327316,0.12954628719347588,0,1,0
3.066132264529058,0.012667743007510938,-0.0010369260398744688,1.001062445401031,-0.005813525821211005,-0.0016848244008159183,-0.1252858877394929,0.13093880003211164,0.13150210318026542,0,1,0
3.0861723446893787,0.01265053718290706,-0.0008602912301940017,1.0009142805212299,-0.007408243990055576,-0.0043638679741934885,-0.13395217866887843,0.13179693905637438,0.13268715614793514,0,1,0
3.106212424849699,0.012626588895624078,-0.0011974143641490496,1.0007645123879771,-0.007488406662637793,-0.006029659351655851,-0.08328956887311817,0.13248265331496933,0.13292004266098828,0,1,0
3.12625250501002,0.012585796393160672,-0.002039625123170298,1.0006267193319585,-0.006889652800932981,-0.00791284802580522,-0.09415943370746842,0.13257715411019635,0.13333736892560388,0,1,0
3.1462925851703405,0.012521069423003442,-0.0032363485078614586,1.0005084401046773,-0.005913961364059171,-0.008773647201258611,-0.043039958772669515,0.13286986836188575,0.1331341381393802,0,1,0
3.1663326653306614,0.01242502345653736,-0.004802298323304138,1.0004109328626645,-0.0048753621006402716,-0.00905859157134347,-0.014247218504242893,0.13293062251402343,0.13293165750273123,0,1,0
3.186372745490982,0.012294646002974193,-0.006518872678158325,1.0003320530114823,-0.003943992559106808,-0.009627009889919968,-0.02842091592882503,0.1327205950382524,0.13300651159301574,0,1,0
3.2064128256513023,0.012128950893560867,-0.00828475547066632,1.0002697731031611,-0.003113995416063127,-0.010424797115793673,-0.039889361293685255,0.13251367554176993,0.1330766414459556,0,1,0
3.226452905811623,0.011925648750430751,-0.010165107156505766,1.0002220324925972,-0.002387030528196301,-0.011037322922849195,-0.030626290352776177,0.1324284191233468,0.13301087921193958,0,1,0
3.2464929859719436,0.011681507081601978,-0.01220708344143871,1.000186550843281,-0.0017740824658057418,-0.01116450809656363,-0.006359258685721656,0.1324099829802179,0.13279987267783402,0,1,0
3.2665330661322645,0.011394160519482931,-0.014367328105952308,1.0001598935080716,-0.0013328667604726849,-0.010907403204081487,0.012855244624107153,0.1323796707644908,0.13261118253626045,0,1,0
3.286573146292585,0.01106332297897588,-0.016541877025352574,1.0001388035607435,-0.0010544973664008315,-0.010666741448622341,0.012033087772957439,0.13224275380929165,0.1325623568115246,0,1,0
3.306613226452906,0.010690078722951427,-0.018662212801222697,1.0001205360784216,-0.0009133741160979188,-0.010389599463888557,0.01385709923668916,0.1321526457115141,0.13252682594532098,0,1,0
3.3266533066132262,0.010275770928874951,-0.020715389703823788,1.0001032377685841,-0.000864915491869722,-0.010696111751667363,-0.015325614388940275,0.13183940352210063,0.13269144718955617,0,1,0
3.346693386773547,0.009821225215812317,-0.022727285653131684,1.000084717637806,-0.0009260065389084234,-0.010590028733894778,0.005304150888629145,0.13188963353633373,0.13258879916094632,0,1,0
3.3667334669338675,0.009325351126671861,-0.02479370445702282,1.000064187530883,-0.0010265053461452913,-0.010326668692726066,0.013168002058435537,0.13185089356928215,0.13254126404465605,0,1,0
3.3867735470941884,0.00878865011718209,-0.026835050474488503,1.000040375472393,-0.0011906029245069621,-0.009985810879530748,0.01704289065976583,0.13179778819449267,0.13252388809033125,0,1,0
3.406813627254509,0.008211907177754723,-0.028837146971368396,1.000012250868093,-0.0014062302149955323,-0.008976439734582895,0.05046855724739269,0.1320133670240065,0.13236493040126232,0,1,0
3.4268537074148293,0.007596906642897572,-0.03075002674285757,0.9999806696516852,-0.0015790608203939017,-0.008416870053860425,0.027978484036123477,0.13181189124893644,0.13249745144244535,0,1,0
3.44689378757515,0.006947371044575651,-0.03247677991609601,0.9999446506886304,-0.0018009481527414743,-0.007514327298970517,0.045127137744495324,0.13192159192723357,0.13243541166342032,0,1,0
3.4669338677354706,0.0062653254620715386,-0.03410227912520562,0.9999049228058827,-0.0019863941373824343,-0.006041279573934943,0.07365238625177875,0.132184191770034,0.13233793137363387,0,1,0
3.4869739478957915,0.005554515560703766,-0.03554049506838864,0.9998639634213903,-0.0020479692246228565,-0.004675254915244813,0.06830123293450652,0.13220437714613112,0.13241047531797426,0,1,0
3.507014028056112,0.004820715757675563,-0.03668999015141018,0.9998231864693821,-0.002038847600411994,-0.0033464646591902622,0.06643951280272752,0.13223535209382317,0.13244784990064642,0,1,0
3.527054108216433,0.00406942681053408,-0.03756444735707415,0.9997836331047163,-0.001977668233287465,-0.00230182774326748,0.05223184579613914,0.1313891290913166,0.13315109288210228,0,1,0
3.5470941883767533,0.0033059768514935983,-0.03817249795202408,0.999743205027915,-0.002021403840061762,-0.000485758034024604,0.09080348546214378,0.13079256386939828,0.1320146587295679,0,1,0
3.567134268537074,0.002534455439928331,-0.03857607057826337,0.9996762405501775,-0.003348223886881239,0.001811923498686685,0.11488407663556444,0.13167224061564034,0.13248195797842652,0,1,0
3.5871743486973946,0.0017618247789174804,-0.03863153305054253,0.9996027267913944,-0.0036756879391549335,0.0044649841631202065,0.13265303322167607,0.13235613219346876,0.13278536798656324,0,1,0
3.6072144288577155,0.0009966707778519546,-0.038257700053276285,0.9995372899027487,-0.003271844432284245,0.00800402384334029,0.17695198401100415,0.1332004109830933,0.1328385749214514,0,1,0
3.627254509018036,0.0002496517777892171,-0.037350950003136874,0.9994931863962319,-0.002205175325840597,0.011440124180058506,0.17180501683591076,0.1334761525104079,0.13290499286547275,0,1,0
3.6472945891783564,-0.00046469598116637774,-0.03571738794777974,0.9994753804207733,-0.000890298772924638,0.013520471010646169,0.10401734152938322,0.13309091964012326,0.13315111691292275,0,1,0
3.6673346693386772,-0.0011333040646179333,-0.03343040417257778,0.9994816575596012,0.0003138569413940501,0.015598604275388736,0.10390666323712823,0.13309440642850645,0.1329514613845226,0,1,0
3.6873747494989977,-0.001748023883863399,-0.03073599096227328,0.9995089895262246,0.0013665983311687592,0.01746944820228729,0.0935421963449278,0.13298821878365896,0.1327652732554263,0,1,0
3.7074148296593186,-0.0023006377483078553,-0.027630693222222828,0.9995529087559704,0.0021959614872891177,0.018797039454304297,0.0663795626008501,0.13276050462659367,0.132686246423237,0,1,0
3.727454909819639,-0.002783992866275735,-0.024167755898393994,0.9996087362815697,0.002791376279966382,0.019854908011111838,0.052893427840377295,0.1326031237007251,0.13252012189576926,0,1,0
3.74749498997996,-0.003192840021881562,-0.020442357780291343,0.9996715759719373,0.0031419845183862823,0.020293910252925842,0.021950112090699858,0.1323273834926337,0.132484896827965,0,1,0
3.7675350701402803,-0.0035230907367712425,-0.016512535744484046,0.9997367359839194,0.0032580005991058223,0.020137447924495174,-0.007823116421533136,0.13207275727225926,0.13249409320488176,0,1,0
3.787575150300601,-0.0037731435543885035,-0.01250264088086304,0.9998005448034444,0.0031904409762486415,0.019561323113591836,-0.028806240545166655,0.1318786969362741,0.1324865854105137,0,1,0
3.8076152304609217,-0.0039443113628333994,-0.008558390422244808,0.9998600305376147,0.0029742867085180962,0.019821092765510955,0.012988482595955603,0.1320847420814297,0.13205121490208446,0,1,0
3.8276553106212425,-0.0040386519648369645,-0.004717030100178248,0.9999118448949191,0.0025907178652176273,0.01976843206361905,-0.0026330350945950546,0.13201217196501813,0.132049367835008,0,1,0
3.847695390781563,-0.0040550587324405625,-0.0008203383801799005,0.999954871945286,0.002151352518344969,0.019123726599120053,-0.03223527322495025,0.13185430144670782,0.13217360010851784,0,1,0
3.8677354709418834,-0.003994095602284204,0.003048156507817932,0.999988624693038,0.0016876373875993307,0.018663498422050673,-0.02301140885346882,0.13192284512563485,0.1320375053249679,0,1,0
3.8877755511022043,-0.0038584641250257136,0.006781573862924512,1.0000121590043427,0.0011767155652331889,0.018414830500360083,-0.012433396084529716,0.1320054169204432,0.1318802344922527,0,1,0
3.9078156312625247,-0.003649725188921151,0.010436946805228137,1.0000244105601988,0.0006125777928052998,0.017569513192396344,-0.04226586539818694,0.13189017386333626,0.13205793031049715,0,1,0
3.9278557114228456,-0.0033688890193817496,0.014041808476970053,1.000026331504901,9.604723511035863e-05,0.01635429038173292,-0.060761140533171124,0.13182004826010094,0.13217378506495342,0,1,0
3.947895791583166,-0.0030195100470387713,0.017468948617148906,1.0000186670177302,-0.00038322435853646537,0.015308434167805168,-0.052292810696387367,0.13190399171146486,0.13210637866875316,0,1,0
3.967935871743487,-0.0026064854745504024,0.020651228624418438,1.0000017504683816,-0.0008458274674335499,0.014489245126116308,-0.04095945208444307,0.13199770455622323,0.13199845814842373,0,1,0
3.9879759519038074,-0.002133744159804032,0.02363706573731852,0.9999754437290466,-0.0013153369667511894,0.013316072679396152,-0.058658622336007826,0.1319253548226967,0.1321061103961205,0,1,0
4.008016032064128,-0.0016046043724018317,0.026456989370110005,0.9999403252082153,-0.0017559260415641398,0.012072888872424237,-0.06215919034859571,0.1319465757157141,0.13214497944821485,0,1,0
4.028056112224449,-0.0010235602902685945,0.02905220410666187,0.9998973561411282,-0.0021484533543542034,0.010523436117067256,-0.0774726377678492,0.13156408606082973,0.13085767869742487,0,1,0
4.04809619238477,-0.0003959250750977483,0.03138176075854231,0.9998218689750663,-0.0037743583030914723,0.008150790064943297,-0.11863230260619786,0.13096195840085945,0.13083700003066798,0,1,0
4.06813627254509,0.00027212843965843125,0.03340267573780898,0.9997047324394194,-0.0058568267823488765,0.005445342096182133,-0.13527239843805836,0.1317200957101675,0.13191777999353022,0,1,0
4.0881763527054105,0.0009715105021067131,0.03496910312241409,0.9995733093584624,-0.006571154047846893,0.0028107516370355946,-0.13172952295732687,0.13225904646672088,0.13254626711620052,0,1,0
4.108216432865731,0.001691757424513737,0.036012346120351195,0.9994449786772424,-0.006416534061006372,0.00025010225142236913,-0.12803246928066128,0.13258288977321167,0.13296774781779971,0,1,0
4.128256513026052,0.0024230756852832245,0.03656591303847436,0.9993308223955926,-0.005707814082491999,-0.00317785315732595,-0.17139777043741594,0.1325900943921205,0.13372767268022753,0,1,0
4.148296593186372,0.003154955972934223,0.03659401438254992,0.9992422090964637,-0.004430664956446607,-0.00604324248180811,-0.14326946622410802,0.1327574049831322,0.1337590868660354,0,1,0
4.168336673346693,0.0038740062602629407,0.03595251436643588,0.9991820418360315,-0.0030083630216050507,-0.008729971113541813,-0.13433643158668498,0.13273070253205793,0.13383395794802205,0,1,0
4.188376753507014,0.0045688323719629284,0.034741305584999375,0.9991509584151751,-0.0015541710428222811,-0.010988509437164716,-0.11292691618114536,0.13268738060556462,0.13372580157019454,0,1,0
4.208416833667335,0.005229136771162797,0.03301521995999344,0.9991466122850338,-0.00021730650706920998,-0.01339517377604363,-0.12033321694394568,0.13245838350628153,0.13380897621200466,0,1,0
4.228456913827655,0.00584599828083276,0.030843075483498118,0.9991667332183286,0.0010060466647434708,-0.015583076151618558,-0.10939511877874641,0.1322987863173303,0.1337398625768362,0,1,0
4.248496993987976,0.006409722917450796,0.028186231830901836,0.9992077972841125,0.002053203289194996,-0.016933824953809216,-0.06753744010953283,0.1322847692275752,0.13339241537756932,0,1,0
4.268537074148297,0.006911321213224696,0.025079914788695014,0.999264307981527,0.0028255348707281816,-0.016759914017532965,0.008695546813812585,0.1324858210678849,0.13273445341026313,0,1,0
4.288577154308617,0.007346004880061093,0.02173418334181983,0.9993293982381677,0.0032545128320373034,-0.016444667675098147,0.015762317121740414,0.1323047711923236,0.13252354233093372,0,1,0
4.3086172344689375,0.007714653413803359,0.018432426687113274,0.9993972666850052,0.0033934223418747014,-0.016094831150659357,0.01749182622193958,0.13216983902992518,0.132422376757807,0,1,0
4.328657314629258,0.008018913697910397,0.015213014205351897,0.9994644344882517,0.003358390162329854,-0.01625733916197469,-0.008125400565766383,0.1318990762711736,0.13255789848114796,0,1,0
4.348697394789579,0.008260212967724917,0.012064963490726017,0.9995289213875179,0.0032243449633096604,-0.016550138937191764,-0.014639988760853574,0.13177630390214315,0.1326252683386597,0,1,0
4.368737474949899,0.00843757121350027,0.008867912288767599,0.9995898987522593,0.003048868237071369,-0.016033603684931452,0.025826762613015336,0.13196809445474889,0.13237924068227808,0,1,0
4.38877755511022,0.008549814117693203,0.005612145209646757,0.9996465473614788,0.002832430460973699,-0.01487918811118411,0.05772077868736695,0.13211645154676532,0.13214309592155235,0,1,0
4.408817635270541,0.008599556414393018,0.002487114834990691,0.9996976034149667,0.002552802674396302,-0.01439446218953185,0.024236296082613067,0.1318427825012753,0.13232593638123144,0,1,0
4.428857715430862,0.008591317328946876,-0.00041195427230711606,0.9997417959185446,0.002209625178892398,-0.014078396631967027,0.015803277878241435,0.13176799698931646,0.13241757255681855,0,1,0
4.448897795591182,0.008526628676720006,-0.003234432611343523,0.9997794078082427,0.0018805944849043213,-0.01301116451981639,0.05336160560753166,0.13201454593318745,0.13221501235595443,0,1,0
4.468937875751503,0.008406779398543968,-0.005992463908801911,0.999811113546327,0.0015852869042135304,-0.011583278354757429,0.07139430825294814,0.13213839705396785,0.13209340806827416,0,1,0
4.488977955911824,0.008236204516852398,-0.008528744084578498,0.9998370076808701,0.00129470672715706,-0.010403318012647099,0.0589980171055165,0.13206934312787705,0.1321609121167624,0,1,0
4.509018036072144,0.008020134579097121,-0.010803496887763863,0.9998571406139598,0.0010066466544816212,-0.00859054693933103,0.0906385536658034,0.1323351732903124,0.1319741243560194,0,1,0
4.529058116232465,0.0077640910406685465,-0.01280217692142872,0.9998727386704848,0.0007799028262470021,-0.0082003675027569,0.019508971828706353,0.13170609374189993,0.13230050847012795,0,1,0
4.5490981963927855,0.007474921814166469,-0.01445846132510384,0.9998793886923507,0.00033250109330005347,-0.007847640229465151,0.017636363664587477,0.13178172003198663,0.13242329108799505,0,1,0
4.569138276553106,0.007154105318953286,-0.016040824760659184,0.9998800500254239,3.306665366090486e-05,-0.007396816074462242,0.02254120775014552,0.1318602186117425,0.13245857747539572,0,1,0
4.589178356713426,0.006802828199221192,-0.017563855986604697,0.9998764242584546,-0.00018128834846876425,-0.006483768537456051,0.04565237685030946,0.13205286877038996,0.13235044515303812,0,1,0
4.609218436873747,0.0064232268579887146,-0.018980067061623866,0.9998697804181874,-0.00033219201335899624,-0.006034415637130846,0.02246764501626031,0.1319318275385697,0.1325208092171219,0,1,0
4.629258517034068,0.006018341010879863,-0.020244292355442558,0.9998608764839523,-0.0004451967117588912,-0.004744176954717375,0.06451193412067352,0.13224930094619097,0.13227299449778585,0,1,0
4.649298597194389,0.005590503308382938,-0.021391885124846244,0.9998507572878934,-0.0005059598029458481,-0.004140869576374784,0.03016536891712951,0.13205921312240387,0.13248916763973112,0,1,0
4.669338677354709,0.005144686864343379,-0.022290822201977985,0.999839837525512,-0.0005459881190699358,-0.0037053616492493603,0.021775396356271133,0.1320244313847834,0.13255739003436687,0,1,0
4.68937875751503,0.004683128634529722,-0.023077911490682838,0.9998286237760454,-0.0005606874733254551,-0.003084211886806079,0.0310574881221641,0.1320950647597518,0.13250188260150303,0,1,0
4.709418837675351,0.0042079348784102065,-0.02375968780597576,0.9998173470705132,-0.0005638352766139967,-0.0031244540991088826,-0.0020121106151401447,0.13187942186696278,0.13272144521777046,0,1,0
4.729458917835671,0.0037213793521384984,-0.0243277763135854,0.9998060738021722,-0.000563663417044275,-0.0031450413811338366,-0.0010293641012477715,0.13188290102524347,0.13274737735451686,0,1,0
4.749498997995992,0.003223362517644311,-0.02490084172470936,0.9997952392043843,-0.0005417298893948201,-0.0032245184149859826,-0.003973851692607309,0.1318295161680341,0.1327699211755165,0,1,0
4.7695390781563125,0.002713578468459092,-0.025489202459260955,0.999784385767645,-0.0005426718369687888,-0.0028465498736657048,0.018898427066013895,0.13194933882628193,0.13261878816937298,0,1,0
4.789579158316633,0.002191887882393508,-0.026084529303279192,0.9997730486656995,-0.0005668550972711177,-0.002538396847609667,0.015407651302801889,0.1319399009246186,0.13265962720632948,0,1,0
4.809619238476953,0.0016595144485962838,-0.026618671689861213,0.9997616979978775,-0.0005675333910969039,-0.0017460128457622774,0.03961920009236948,0.13208087590443515,0.13247766928144447,0,1,0
4.829659318637274,0.0011175800526962302,-0.027096719795002687,0.9997497298797685,-0.000598405905447664,-0.0005418855382862273,0.060206365373802535,0.13227103302752471,0.13235069074421418,0,1,0
4.849699398797595,0.0005695960886216458,-0.027399198203729217,0.9997380874536416,-0.0005821213063485409,4.999494346604794e-05,0.029594024087613753,0.13209984252977028,0.13252423268930852,0,1,0
4.869739478957916,1.99448710737673e-05,-0.027482560877393925,0.9997268106910331,-0.000563838130426513,0.0009679247101174789,0.04589648833257155,0.1322197871932381,0.13239236881114122,0,1,0
4.889779559118236,-0.0005289526941372882,-0.027444878260552776,0.9997157232818726,-0.0005543704580245823,0.0018190585281825928,0.04255669090325569,0.13217848853163322,0.13233819294981075,0,1,0
4.909819639278557,-0.0010731167536369593,-0.027208202974983556,0.9997034088019969,-0.0006157239937841885,0.0018539333191810528,0.001743739549923011,0.13196036250703275,0.13261779803962365,0,1,0
4.929859719438878,-0.0016093345684007267,-0.026810890738188372,0.9996907744093086,-0.0006317196344119266,0.0017033952441891488,-0.007526903749595207,0.13178197693155863,0.13257288972078035,0,1,0
4.949899799599198,-0.0021377955079800812,-0.026423046978967732,0.9996745120596386,-0.0008131174834985704,0.002078291849484394,0.01874483026476229,0.13201436601841673,0.13246820194253864,0,1,0
4.969939879759519,-0.002659094424013796,-0.026064945801685745,0.9996565176453366,-0.0008997207151037787,0.002712351642819524,0.03170298966675648,0.1321987232174368,0.13245232395893175,0,1,0
4.98997995991984,-0.0031716525903795825,-0.02562790831828931,0.9996392857890202,-0.0008615928158182048,0.0032318896962843318,0.025976902673240373,0.13221634518445505,0.1324993740108331,0,1,0
5.01002004008016,-0.003672873375965186,-0.02506103927928019,0.9996237680044039,-0.0007758892308137351,0.0034380734538164994,0.01030918787660837,0.13214639740797018,0.13260020124615743,0,1,0
5.03006012024048,-0.004161325235756674,-0.024422592989574388,0.9996104142934483,-0.0006676855477804566,0.004620399113688666,0.05911628299360831,0.1326986060821343,0.13342592747145832,0,1,0
5.050100200400801,-0.004635357722857696,-0.023701624355051083,0.9996196339073934,0.00046098069725416266,0.005488701489839311,0.04341511880753221,0.13176616161304086,0.1326035739281052,0,1,0
5.070140280561122,-0.005090642973580194,-0.022764262536124902,0.9996253928397169,0.0002879466161703894,0.006519414847832385,0.05153566789965372,0.1320156976273145,0.13265699124915303,0,1,0
5.090180360721443,-0.005523892382757251,-0.021662470458852858,0.9996321648695249,0.00033860149040276864,0.007788909637885374,0.06347473950264938,0.13225240116099923,0.1326236356586491,0,1,0
5.110220440881763,-0.005931042927241576,-0.020357527224216247,0.999642937406661,0.0005386268568072811,0.009041669657635183,0.06263800098749035,0.13237718125323358,0.1326240486850746,0,1,0
5.130260521042084,-0.006307165532113556,-0.018806130243598992,0.9996595262102514,0.0008294401795213462,0.010265159350007404,0.061174484618611115,0.13244967153186504,0.13257213494155715,0,1,0
5.150300601202405,-0.006647412136686959,-0.017012330228670117,0.9996821899899229,0.0011331889835713733,0.011450481681559726,0.05926611657761587,0.1325001496030345,0.13249628955794712,0,1,0
5.170340681362725,-0.00694670626638179,-0.014964706484741599,0.9997105016625166,0.0014155836296859056,0.011905583210760596,0.022755076460043808,0.1322813967443149,0.13261863890199754,0,1,0
5.190380761523046,-0.007200537524347733,-0.0126915628982971,0.9997429780467497,0.0016238192116535795,0.012082484697114612,0.008845074317700733,0.1321678415769995,0.13258905268216295,0,1,0
5.210420841683367,-0.0074072520882565536,-0.010335728195441037,0.9997774744992882,0.001724822626924174,0.012182495512249276,0.005000540756733257,0.1321068711761049,0.13249317068614835,0,1,0
5.2304609218436875,-0.007566172214571439,-0.007946006315744263,0.9998116575556858,0.0017091528198794244,0.012080241816379556,-0.005112684793485955,0.13203655229493227,0.13247651258603962,0,1,0
5.2505010020040075,-0.007677192039997259,-0.005550991271290993,0.9998442343249879,0.0016288384651068064,0.012265212050319503,0.009248511696997277,0.13212150235900483,0.13229428216288747,0,1,0
5.270541082164328,-0.007740436916243895,-0.0031622438123317794,0.999873769939329,0.0014767807170519664,0.011884069644596127,-0.019057120286168905,0.1319803103349314,0.13244433102547926,0,1,0
5.290581162324649,-0.007755474233595049,-0.0007518658675577158,0.9999003892826083,0.0013309671639632119,0.011661907021101672,-0.011108131174722579,0.13201224370003253,0.13231573197885754,0,1,0
5.31062124248497,-0.00772346684539468,0.001600369410018447,0.999922680782774,0.0011145750082850504,0.010726060387900143,-0.04679233166007664,0.13181946258274466,0.13254638970493987,0,1,0
5.33066132264529,-0.007645664491152503,0.0038901177121088413,0.9999412192387165,0.0009269227971224611,0.010088221756908296,-0.031891931549592356,0.13188198240721088,0.1323999406148217,0,1,0
5.350701402805611,-0.007525908561772656,0.005987796468992352,0.9999548053314802,0.0006793046381838931,0.009824280315184158,-0.013197072086206824,0.13200340614088127,0.13223819782242124,0,1,0
5.370741482965932,-0.00736640426380066,0.007975214898599772,0.9999628717172829,0.00040331929013695224,0.009067331557224766,-0.037847437897969655,0.13189916438808483,0.1324142824082521,0,1,0
5.390781563126252,-0.00716839945868547,0.009900240255759517,0.9999664973998789,0.00018128412979716952,0.00841401356091754,-0.03266589981536124,0.13193488780694052,0.13236399930804046,0,1,0
5.410821643286573,-0.006934817913321992,0.01167907726817388,0.9999654982617188,-4.995690800372053e-05,0.007653816711142118,-0.03800984248877104,0.13192825676946965,0.1324093485766534,0,1,0
5.430861723446894,-0.006668059713342521,0.013337909998973552,0.9999604739829963,-0.00025121393612813006,0.0064771249663367605,-0.05883458724026788,0.1318320764181192,0.13258916147054667,0,1,0
5.4509018036072145,-0.006371414452809736,0.014832263026639252,0.9999526907092883,-0.0003891636854008009,0.005673913484973794,-0.04016057406814828,0.1319398230022543,0.13247093183037448,0,1,0
5.4709418837675345,-0.006049580794072525,0.01609168293686049,0.9999420279534046,-0.0005331377941819392,0.00518586614298635,-0.024402367099372137,0.1320505118215784,0.1323692371598467,0,1,0
5.490981963927855,-0.005705546821274924,0.01720169863988009,0.9999286404239025,-0.000669376475105643,0.004499131108847091,-0.03433675170696302,0.13202434361557905,0.1324594828664473,0,1,0
5.511022044088176,-0.005341082540042043,0.01822321406164404,0.9999134900122125,-0.0007575205845003509,0.0034076467787899855,-0.054574216502855294,0.13192933014861913,0.13264167343145053,0,1,0
5.531062124248497,-0.004958770740407132,0.01911558998174553,0.9998978826950626,-0.0007803658574962346,0.0019038452579774837,-0.07519007604062505,0.13169819975640873,0.1324805475455255,0,1,0
5.551102204408817,-0.004562867833080409,0.01979514536633612,0.9998760245985526,-0.001092904825502541,-6.448682934756212e-05,-0.0984166043662523,0.13147524271010638,0.1326634451003703,0,1,0
5.571142284569138,-0.004159437267904124,0.020171528258814297,0.9998473429886537,-0.0014340804949415317,-0.0018530224826189964,-0.08942678266357171,0.13160681292283058,0.13280885838769935,0,1,0
5.591182364729459,-0.0037563317493054956,0.020155275929931393,0.9998159539845074,-0.0015694502073165537,-0.0031736170537349216,-0.06602972855579625,0.1317106341982231,0.13272454374817322,0,1,0
5.611222444889779,-0.0033604945219805737,0.019791861366246104,0.9997821420651748,-0.0016905959666303658,-0.004299049095358091,-0.05627160208115854,0.13179455573243049,0.1327787530576427,0,1,0
5.6312625250501,-0.0029775260311821327,0.019148424539922052,0.9997479425685463,-0.0017099748314254417,-0.004430875938029676,-0.006591342133579162,0.13202803399697066,0.1324224190615419,0,1,0
5.651302605210421,-0.002611702096078623,0.018291196755175494,0.999711519243404,-0.0018211662571170765,-0.004267150335199264,0.008186280141520572,0.13208923584878512,0.13229579052719745,0,1,0
5.671342685370742,-0.002263808893759658,0.017394660115948247,0.9996719023494166,-0.0019808446993670966,-0.0034026552613209515,0.04322475369391573,0.13228176840385836,0.13199783068236284,0,1,0
5.691382765531062,-0.0019326782355772608,0.01655653290911985,0.9996275353780687,-0.0022183485673938014,-0.003204766428529442,0.009894441639575459,0.1321031096311275,0.13220797292765954,0,1,0
5.7114228456913825,-0.001614591847817022,0.01590431938801194,0.999578901566608,-0.002431690573035139,-0.003981302728083049,-0.03882681497768034,0.13186087109284275,0.1326191124211875,0,1,0
5.731462925851703,-0.0013093465909524747,0.015262262843227362,0.9995285091450755,-0.0025196210766257414,-0.0041012446824576715,-0.005997097718731213,0.13204823374247054,0.1324239545760262,0,1,0
5.751503006012024,-0.001019849097664874,0.014474874664380036,0.9994762331022325,-0.0026138021421496815,-0.004112001458210396,-0.0005378387876362016,0.13210934075807323,0.13242669830111317,0,1,0
5.771543086172344,-0.0007462822586517532,0.013678341950656035,0.9994230189662787,-0.002660706797689763,-0.004596128936371248,-0.024206373908042585,0.13198449849237492,0.13263694644254245,0,1,0
5.791583166332665,-0.0004889478710274792,0.012866719381213703,0.9993701325541825,-0.002644320604811945,-0.0047694562591826944,-0.008666366140572302,0.132071995063476,0.132563612334368,0,1,0
5.811623246492986,-0.00024954416700577237,0.01197018520108534,0.9993177751146521,-0.002617871976517368,-0.005121918679776435,-0.017623121029687005,0.13201791112210376,0.13266220720749308,0,1,0
5.831663326653306,-2.851729800172704e-05,0.011051343450202266,0.9992666024135887,-0.0025586350531733655,-0.005958697542184049,-0.04183894312038069,0.13186729122898108,0.1328927800895756,0,1,0
5.851703406813627,0.00017196608634740182,0.010024169217456443,0.9992177910922821,-0.0024405660653264,-0.005445041077775749,0.025682823220415006,0.1322445212703124,0.13243530635823944,0,1,0
5.871743486973948,0.0003493262400852357,0.008868007686891693,0.9991701322417357,-0.002382942527325676,-0.005557352710078439,-0.005615581615134604,0.13204869388360957,0.13265311263403678,0,1,0
5.891783567134269,0.0005054047270807543,0.00780392434977593,0.9991239619798593,-0.00230851309382058,-0.005598781228473053,-0.0020714259197306345,0.13205693929921644,0.13264870281260283,0,1,0
5.911823647294589,0.0006396911295214556,0.006714320122035066,0.9990793334661259,-0.0022314256866718864,-0.005411869871070434,0.009345567870130984,0.1321137348781575,0.13258018549061526,0,1,0
5.9318637274549095,0.0007522220124773488,0.005626544147794657,0.9990360708601894,-0.0021631302968225788,-0.005444569068650385,-0.001634959878997545,0.1320375134457709,0.13266891786287302,0,1,0
5.95190380761523,0.0008437172219187487,0.004574760472069993,0.9989943624050078,-0.0020854227590796845,-0.005507462087070332,-0.0031446509209973796,0.13201627159716767,0.1327015686725068,0,1,0
5.971943887775551,0.0009142932921255032,0.0035288035103377253,0.9989543751394563,-0.0019993632775754154,-0.005997973937612059,-0.024525592527086332,0.13187258082452105,0.1328893463575455,0,1,0
5.991983967935871,0.0009634952373213465,0.0024600972597921644,0.9989167594274546,-0.0018807856000862576,-0.006223583476644018,-0.011280476951598018,0.13191978905460458,0.1328314000750115,0,1,0
6.012024048096192,0.0009897785543382658,0.0013141658508459633,0.9988813431877328,-0.001770811986092861,-0.006964627170334394,-0.037052184684518666,0.1317275093870649,0.13305314677316288,0,1,0
6.032064128256513,0.0009923637298669035,0.0001292587764318879,0.9988485557627903,-0.001639371247124281,-0.008062151917078427,-0.05487623733720159,0.13323197702604408,0.13554976649763192,0,1,0
6.052104208416833,0.0009673485164704223,-0.0012507606698240554,0.9988776497928791,0.0014547015044366134,-0.007563166893791056,0.024949251164368517,0.13260960767067292,0.13399170933049204,0,1,0
6.072144288577154,0.000910571941913997,-0.0028388287278212666,0.9989362412843175,0.002929574571916593,-0.0060762563581206585,0.07434552678351981,0.13237000767570398,0.13311290211703822,0,1,0
6.092184368737475,0.0008243693195303682,-0.004310131119181436,0.9990077533679348,0.003575604180867571,-0.004525338145109892,0.07754591065053835,0.13207836746366966,0.1327310932540653,0,1,0
6.112224448897796,0.0007143381044158539,-0.005501560755725718,0.9990822386212364,0.0037242626650763463,-0.0023373851021436347,0.10939765214831283,0.13211631255262243,0.1322703336573914,0,1,0
6.132264529058116,0.0005871843629863691,-0.00635768707147424,0.999153462987778,0.0035612183270785085,-0.00101819659803877,0.06595942520524323,0.13178762583425252,0.13241517698059863,0,1,0
6.152304609218437,0.00045129022153548166,-0.00679470707254437,0.9992187348647427,0.0032635938482331287,0.00021241276627546546,0.06153046821571175,0.1317188139030679,0.13234269462904585,0,1,0
6.1723446893787575,0.00031181325347989927,-0.00697384840277912,0.9992759744513793,0.0028619793318319783,0.0013806026639727933,0.058409494884866395,0.1317309427391418,0.13233247653999086,0,1,0
6.192384769539078,0.0001734783562696292,-0.006916744860513504,0.9993252184688907,0.0024622008755681205,0.0026461415969054403,0.06327694664663233,0.13180098442947977,0.1322624503078129,0,1,0
6.212424849699398,4.0630276096268754e-05,-0.006642404008668021,0.9993664699586408,0.0020625744875059585,0.004329210054085474,0.08415342285900168,0.13197742372406748,0.13206430906004954,0,1,0
6.232464929859719,-8.160264240324243e-05,-0.0061116459249755594,0.9993994038971629,0.0016466969261046665,0.00577741254262246,0.07241012442684935,0.13195189658681467,0.13206857357555182,0,1,0
6.25250501002004,-0.0001862985443594785,-0.005234795097811803,0.9994236890406201,0.001214257172859053,0.00634373491438355,0.02831611858805453,0.13173416661558687,0.13233205904846598,0,1,0
6.27254509018036,-0.0002682536408668985,-0.004097754825371,0.9994399815939253,0.0008146276652629106,0.007281984318105902,0.04691247018611757,0.1319045591992314,0.13218601447814426,0,1,0
6.292585170340681,-0.000325283077354522,-0.0028514718243811744,0.9994486352779969,0.00043268420357616723,0.008366694829159856,0.05423552555269768,0.13200725501556387,0.13209161994481397,0,1,0
6.312625250501002,-0.0003538046778466597,-0.0014260800246068852,0.999449754208292,5.5946514755084934e-05,0.009573849046887387,0.06035771088637666,0.13208297289891677,0.1319649627514247,0,1,0
6.332665330661323,-0.00034949442500654385,0.00021551264200579375,0.9994425565950186,-0.0003598806636687121,0.01053065614348245,0.04784035482975303,0.13204511960458148,0.13196133652851397,0,1,0
6.352705410821643,-0.00030732919054410194,0.0021082617231220945,0.9994263922533079,-0.0008082170855337198,0.01062222909420509,0.0045786475361320605,0.13187274197782098,0.1322562029245282,0,1,0
6.372745490981964,-0.0002239297441761764,0.0041699723183962764,0.9994030453135294,-0.0011673469889247922,0.010900803655913277,0.013928728085409237,0.13194771605998207,0.13213863699422274,0,1,0
6.3927855711422845,-9.87081189132105e-05,0.006261081263148295,0.9993718868289442,-0.0015579242292612905,0.010692637787117229,-0.010408293439802267,0.13188353003008696,0.13232575261206037,0,1,0
6.4128256513026045,6.911640243512009e-05,0.008391226067416529,0.999334732470946,-0.0018577178999090267,0.010768045153958126,0.0037703683420446717,0.13196587449690145,0.13216431139803284,0,1,0
6.432865731462925,0.00027892714091696884,0.010490536924092436,0.99929042419124,-0.0022154139852981324,0.010459203556889129,-0.015442079853449907,0.13192740752219917,0.13231618260892042,0,1,0
6.452905811623246,0.0005309805920898063,0.012602672558641878,0.9992406446367575,-0.00248897772412322,0.009961918021307331,-0.024864276779089766,0.13192490499905166,0.1323985749268236,0,1,0
6.472945891783567,0.0008244667606130069,0.014674308426160026,0.999186594635751,-0.0027025000503251065,0.00853264467737932,-0.07146366719640056,0.1317878941175844,0.13287217167021265,0,1,0
6.492985971943887,0.0011569256418704705,0.01662294406287318,0.9991332838308802,-0.0026655402435419393,0.007678982904127979,-0.042683088662567044,0.1320007158484916,0.13273456692107538,0,1,0
6.513026052104208,0.0015230733818467025,0.018307386998811598,0.9990818778099322,-0.002570301047401921,0.006459989465358612,-0.06094967193846819,0.1319471763190386,0.13293677421976516,0,1,0
6.533066132264529,0.001919262117147936,0.01980943676506167,0.9990346046503766,-0.0023636579777792893,0.005637348416484139,-0.04113205244372371,0.13193226013884965,0.13215422236776359,0,1,0
6.55310621242485,0.0023405272289785195,0.021063255591529176,0.9989796807626112,-0.0027461943882706717,0.004750556780675358,-0.04433958179043909,0.1324720185784451,0.1327458908023137,0,1,0
6.57314629258517,0.0027839012245397185,0.022168699778059946,0.9989338935268368,-0.0022893617887225818,0.0034995335923353904,-0.06255115941699839,0.13235028734923965,0.13289319538180813,0,1,0
6.593186372745491,0.0032454872133158936,0.02307929943880875,0.9988976324743458,-0.0018130526245514018,0.0028626850659085805,-0.03184242632134042,0.13247300990930355,0.1326441477176529,0,1,0
6.613226452905812,0.003720972785372907,0.023774278602850654,0.9988690386462444,-0.0014296914050688126,0.0013375459297551267,-0.07625695680767272,0.13220433497835404,0.1329964085614654,0,1,0
6.633266533066132,0.004207322435378671,0.024317482500288187,0.99884935204373,-0.000984330125718854,0.000435167696795416,-0.04511891164798554,0.13233921700711393,0.13279152713450446,0,1,0
6.6533066132264524,0.004698563830220189,0.024562069742075907,0.998837540936436,-0.0005905553647040664,-0.00017510932396879342,-0.030513851038210464,0.1323654799207801,0.13266151849738123,0,1,0
6.673346693386773,0.005191351255650496,0.02463937127151537,0.998832065040904,-0.0002737947765947762,-0.001010504538242467,-0.041769760713683685,0.132202588914806,0.13268037194650542,0,1,0
6.693386773547094,0.005683079643495501,0.024586419392250272,0.9988307855866291,-6.397271374645127e-05,-0.001524752603876468,-0.025712403281700057,0.13226698934471107,0.13257164274623076,0,1,0
6.713426853707414,0.00617062506251842,0.02437727095114591,0.9988330404681207,0.00011274407458074069,-0.0021509073454746485,-0.03130773707990898,0.1322085351982173,0.13261722310539642,0,1,0
6.733466933867735,0.006651844688551463,0.024060981301652132,0.9988386335085602,0.0002796520219752269,-0.0025572360768168307,-0.020316436567109124,0.13227888898902843,0.132578585226421,0,1,0
6.753507014028056,0.0071244386844781194,0.023629699796332844,0.9988480273231536,0.00046969072967253445,-0.0031248541127844986,-0.02838090179838341,0.13221621308700743,0.13265392488054406,0,1,0
6.773547094188377,0.007587013666425519,0.02312874909736999,0.9988614026586327,0.0006687667739562355,-0.004117356142315377,-0.04962510147654401,0.1320900929673754,0.13286441958924713,0,1,0
6.793587174348697,0.008037316905696881,0.022515161963568106,0.9988799999196676,0.0009298630517482784,-0.005207523783891693,-0.054508382078815754,0.13209918905408677,0.13302481278473147,0,1,0
6.813627254509018,0.00847122556848101,0.02169543313920637,0.9989063116649441,0.0013155872638268644,-0.0058370232293593095,-0.031474972273380766,0.13215569027208063,0.13286331859107745,0,1,0
6.833667334669339,0.008884705880805017,0.020674015616200407,0.9989387562060994,0.001622227057760949,-0.006616637260690644,-0.03898070156656685,0.13202665062775823,0.132905708321917,0,1,0
6.853707414829659,0.009275306693850788,0.019530040652288517,0.9989760312271206,0.001863751051062582,-0.007401099092271847,-0.03922309157906007,0.13195888454087604,0.1329272567791109,0,1,0
6.8737474949899795,0.009639704285414342,0.018219879578177667,0.9990174290726975,0.002069892278846225,-0.007565238713832251,-0.008206981078020242,0.13206950863489167,0.13270185728523978,0,1,0
6.8937875751503,0.00997483831835977,0.016756701647271412,0.9990612245165524,0.0021897721927444875,-0.007346940242065967,0.010914923588314144,0.1321064560081403,0.13252021713269418,0,1,0
6.913827655310621,0.010280452260379169,0.015280697100969859,0.9991052673024764,0.0022021392962004475,-0.007589687738565652,-0.012137374824984296,0.13189638285479077,0.13264246203964405,0,1,0
6.933867735470941,0.010557085371065934,0.013831655534338298,0.9991482625376098,0.0021497617566716594,-0.0073519972811272255,0.01188452287192135,0.13202185830663932,0.1324900790908514,0,1,0
6.953907815631262,0.01080392319791635,0.012341891342520773,0.9991898053994712,0.0020771430930707512,-0.007068481493433291,0.01417578938469674,0.13198485121625392,0.13243508350011418,0,1,0
6.973947895791583,0.011022063341263261,0.010907007167345583,0.9992285411081885,0.0019367854358631072,-0.007007382152784838,0.0030549670324226605,0.13191717657939897,0.13253314305434857,0,1,0
6.993987975951904,0.011212804573896982,0.009537061631686019,0.9992649301256322,0.001819450872184781,-0.007359436662359596,-0.01760272547873792,0.131796442942607,0.13272875290428954,0,1,0
7.014028056112224,0.011376472381109254,0.00818339036061364,0.9993000853244735,0.0017577599420587476,-0.008009096874588714,-0.03248301061145593,0.1316807753140036,0.13288421755775415,0,1,0
7.034068136272545,0.01151128016847424,0.006740389368249326,0.9993345873979937,0.0017251036760167295,-0.007920807027088467,0.0044144923750123535,0.13301489323648483,0.13341300190663374,0,1,0
7.054108216432866,0.011614389250182119,0.00515545408539393,0.9993960150125665,0.0030713807286370633,-0.007556691316933398,0.01820578550775344,0.1324343641223858,0.1326833446138989,0,1,0
7.074148296593186,0.011686390201913602,0.0036000475865741203,0.999464939740449,0.0034462363941305868,-0.007157211343136172,0.019973998689861275,0.1323076599630874,0.13255147424508984,0,1,0
7.0941883767535066,0.011728409800355472,0.0021009799220935263,0.9995375360469569,0.003629815325396356,-0.006037737193715871,0.05597370747101499,0.13241702010074186,0.13217565790114424,0,1,0
7.114228456913827,0.01174283469696264,0.0007212448303583567,0.9996098651596849,0.003616455636397493,-0.006065164639403949,-0.0013713722844038573,0.13199749485845347,0.1324997827046849,0,1,0
7.134268537074148,0.011733833254354271,-0.0004500721304184401,0.9996805429594487,0.0035338899881945554,-0.006160821156455922,-0.004782825852598741,0.13197117964549337,0.1325666742123545,0,1,0
7.154308617234468,0.011701229697430727,-0.0016301778461772411,0.9997501712481185,0.003481414433486993,-0.006089199873464897,0.0035810641495513072,0.13199636969551834,0.1325290489015007,0,1,0
7.174348697394789,0.011645052931210792,-0.0028088383109967424,0.9998185643383519,0.0034196545116689362,-0.006640501973438262,-0.027565104998668242,0.1318034265840412,0.13280968282871866,0,1,0
7.19438877755511,0.011565647614905064,-0.003970265815286403,0.9998870240085548,0.00342298351014029,-0.007537510087424203,-0.04485040569929702,0.1316496090160409,0.13299069178338432,0,1,0
7.214428857715431,0.011460815442812314,-0.005241608604637532,0.9999559392312756,0.0034457611360375175,-0.00840959539786838,-0.04360426552220876,0.13160880977575568,0.13306400247373887,0,1,0
7.234468937875751,0.011326713875986529,-0.006705078341289271,1.0000257662903105,0.0034913529517430313,-0.008504624968134415,-0.004751478513301939,0.1317761338543336,0.13283090269702022,0,1,0
7.254509018036072,0.011160544022702827,-0.008308492664185036,1.0000955026940057,0.003486820184760027,-0.009278840188608098,-0.03871076102368422,0.13146153785888612,0.13306474432537313,0,1,0
7.274549098196393,0.010960953388715595,-0.00997953169936159,1.000163948966307,0.003422313615064883,-0.008333033634413435,0.047290327709733196,0.13197014027410658,0.13252197180131534,0,1,0
7.294589178356713,0.010725598335966695,-0.011767752637444995,1.0002305728844205,0.0033311959056761694,-0.007779689779632762,0.027667192739033664,0.13178168325350212,0.13260474049216506,0,1,0
7.314629258517034,0.01045819946577883,-0.013369943509393273,1.000293842768209,0.0031634941894312907,-0.007348340079977467,0.02156748498276472,0.13172201250091234,0.1326578584329753,0,1,0
7.3346693386773545,0.010160647492581717,-0.014877598659855622,1.0003536816424081,0.0029919437099495422,-0.006363016298817221,0.04926618905801233,0.13189803994313257,0.13248766595843195,0,1,0
7.354709418837675,0.009834921874707796,-0.01628628089369605,1.0004101914415693,0.0028254899580553356,-0.005614095846721438,0.03744602260478905,0.13181508852887364,0.13255700288198194,0,1,0
7.374749498997995,0.009484846312007652,-0.01750377813500715,1.0004631995742697,0.0026504066350132955,-0.004863690288859931,0.03752027789307536,0.13182179321574125,0.13256665294983613,0,1,0
7.394789579158316,0.009113355284606793,-0.01857455137004292,1.0005129686929808,0.0024884559355543246,-0.004075754428610202,0.03939679301248645,0.13183728592937397,0.132556918531575,0,1,0
7.414829659318637,0.008723508069942158,-0.019492360733231795,1.0005596020988434,0.002331670293129583,-0.0034687941909967578,0.030348011880672238,0.1317831710170236,0.13262147851396752,0,1,0
7.434869739478958,0.008318421741049633,-0.020254316444626275,1.0006032708495851,0.0021834375370826716,-0.002978991699176432,0.024490124591016255,0.13174645838942803,0.13267115139493543,0,1,0
7.454909819639278,0.007900854759004594,-0.020878349102251878,1.0006441783088893,0.0020453729652067086,-0.003249141903032005,-0.013507510192778644,0.13146232334215424,0.132927427955438,0,1,0
7.474949899799599,0.00747216457573918,-0.02143450916327069,1.0006819201801267,0.0018870935618740313,-0.0027408423683210007,0.025414976735550248,0.13171543563898439,0.132715159449481,0,1,0
7.49498997995992,0.007031485537313875,-0.02203395192126525,1.0007171008274849,0.0017590323679115012,-0.0021844330950166217,0.027820463665218925,0.13172488772933946,0.1327016307805853,0,1,0
7.51503006012024,0.006580452403343811,-0.02255165669850322,1.0007496678977863,0.0016283535150716118,-0.0008907290909536846,0.06468520020314683,0.13202507793273777,0.13249017169372976,0,1,0
7.535070140280561,0.006121672562745749,-0.022938992029903092,1.0007809434146333,0.001563775842350317,-8.401576118575295e-05,0.04033566648839659,0.13077140412865862,0.13187826938870834,0,1,0
7.5551102204408815,0.005660006228823462,-0.02308331669611435,1.0007832980665252,0.00011773259459128154,0.0012138494173830447,0.06489325892843988,0.13116624951938388,0.13189077583687223,0,1,0
7.575150300601202,0.005198623356453641,-0.023069143618491047,1.000762791893847,-0.0010253086339022497,0.0026404736066255267,0.07133120946212408,0.1317215466183318,0.13226438534188956,0,1,0
7.595190380761522,0.004743137574695562,-0.022774289087903982,1.0007332023194142,-0.0014794787216472157,0.0030097375293673934,0.018463196137093338,0.13163144402070934,0.13280050231081636,0,1,0
7.615230460921843,0.004298186489897916,-0.022247554239882283,1.0007011336162739,-0.0016034351570183298,0.0046653558471671745,0.08278091588998901,0.13229680505736222,0.13254257668886082,0,1,0
7.635270541082164,0.0038657608642133677,-0.02162128128422743,1.000672619765828,-0.0014256925222894362,0.005835412318293693,0.058502823556326,0.13228876287519886,0.13273213840324372,0,1,0
7.655310621242485,0.0034517397692561927,-0.020701054747858744,1.000650322066982,-0.0011148849423027515,0.007872765091972645,0.10186763868394769,0.13271171127588147,0.13244412786349893,0,1,0
7.675350701402805,0.0030612941947316956,-0.01952227872622485,1.0006362103480093,-0.0007055859486368207,0.009086942832458101,0.06070888702427262,0.13250233118935276,0.13261736810719496,0,1,0
7.695390781563126,0.002702563967540278,-0.01793651135957087,1.0006296876681715,-0.00032613399188547213,0.009474780647903643,0.019391890772277154,0.13224091545197192,0.1327976426271619,0,1,0
7.715430861723447,0.0023801677533387793,-0.016119810710074952,1.0006295053475296,-9.11603210049434e-06,0.009608105063361726,0.00666622077290401,0.13210704741885404,0.13277257848771906,0,1,0
7.735470941883767,0.002095285555879258,-0.014244109872976064,1.0006332896444143,0.00018921484424147674,0.010134593858145894,0.0263244397392087,0.13217942821325163,0.13252052250214785,0,1,0
7.755511022044088,0.001848502751663841,-0.01233914021077086,1.0006383706163797,0.00025404859826883415,0.010565279745633668,0.021534294374388578,0.13215790329744104,0.132477622177059,0,1,0
7.775551102204409,0.0016419501683592826,-0.010327629165227913,1.0006437724398365,0.0002700911728339011,0.010676121450053233,0.005542085220978321,0.13206612988493524,0.13252321927093969,0,1,0
7.7955911823647295,0.0014771211808600295,-0.008241449374962656,1.0006487933324804,0.0002510446321990396,0.010876220264493365,0.010004940722006691,0.1320959655236036,0.13242875316800948,0,1,0
7.8156312625250495,0.0013545156865188948,-0.006130274717056728,1.0006524715623737,0.0001839114946709794,0.010854435177413099,-0.001089254354013561,0.13203751873434427,0.13245153714059474,0,1,0
7.83567134268537,0.001274910517705223,-0.003980258440683591,1.000654271461819,8.999497226470579e-05,0.010612775599636498,-0.01208297888883013,0.13198067406165712,0.13249025160858854,0,1,0
7.855711422845691,0.001238016563795318,-0.00184469769549526,1.0006539268934573,-1.722841808616064e-05,0.010548392562202956,-0.003219151871676946,0.1320361558680964,0.13237992229582468,0,1,0
7.875751503006012,0.0012428823435486455,0.00024328898766638437,1.0006506372320625,-0.0001644830697406758,0.010454582552846006,-0.004690500467847575,0.13203022820088453,0.13233446900561122,0,1,0
7.895791583166332,0.0012892847290290445,0.002320119274019947,1.0006436463453903,-0.00034954433361139353,0.010163587662278649,-0.014549744528367776,0.13198451568301867,0.13236741388372744,0,1,0
7.915831663326653,0.0013767109704941002,0.004371312073252783,1.0006327719251502,-0.000543721011998249,0.009950910395577882,-0.010633863335038365,0.1320521491111011,0.13233654113149734,0,1,0
7.935871743486974,0.0015038721494514636,0.006358058947868175,1.0006185734261857,-0.0007099249482269777,0.009972816590750892,0.0010953097586505756,0.13211898617848905,0.13218903049266736,0,1,0
7.955911823647294,0.001670310571042344,0.008321921079544011,1.0005998668150977,-0.0009353305544002455,0.00924845826284438,-0.03621791639532567,0.13194356078089953,0.1324626878018478,0,1,0
7.975951903807615,0.0018759291839412402,0.010280930644944813,1.0005781101117517,-0.0010878351672969752,0.008457011216889571,-0.03957235229774046,0.1319590067783612,0.13251465828299117,0,1,0
7.995991983967936,0.0021178170245002197,0.012094392027948972,1.0005543317996266,-0.001188915606253135,0.007726170440771417,-0.03654203880590767,0.1319985553892894,0.1325100451093897,0,1,0
8.016032064128256,0.002393007725497796,0.013759535049878814,1.0005290785426624,-0.0012626628482129126,0.006712222802645855,-0.05069738190627821,0.13188392965593304,0.13258748252055227,0,1,0
8.036072144288577,0.0026987550369518055,0.015287365572700488,1.000501823820426,-0.001362736111817726,0.0052812807131034645,-0.07154710447711947,0.13113607549831657,0.13146532627700974,0,1,0
8.056112224448897,0.003030371337146459,0.01658081500973269,1.0004448947356375,-0.0028464542394191035,0.004106543876044417,-0.05873684185295239,0.13123097062275244,0.13145173429326523,0,1,0
8.076152304609218,0.003382624057863714,0.017612636035862755,1.00035955331677,-0.004267070943370167,0.0024270444879128795,-0.0839749694065769,0.1316973367450981,0.13232405709380943,0,1,0
8.09619238476954,0.0037508121850435656,0.018409406358992568,1.0002656764846323,-0.004693841606879551,0.0009418689168001877,-0.07425877855563456,0.13207518631957857,0.1326743465048425,0,1,0
8.11623246492986,0.004128406007870584,0.018879691141350904,1.0001740799298802,-0.00457982773760319,-0.0004224004851529287,-0.06821347009765581,0.1322810046825354,0.1328977847255511,0,1,0
8.13627254509018,0.004510046378938874,0.01908201855341451,1.0000911309912897,-0.004147446929529711,-0.0025541450435583794,-0.1065872279202725,0.1321742613393504,0.1334256933523017,0,1,0
8.1563126252505,0.004889842740854074,0.018989818095760006,1.0000230635002303,-0.0034033745529691616,-0.003932308769342004,-0.06890818628918122,0.13236249019539545,0.1332663603582354,0,1,0
8.176352705410821,0.005259472759931466,0.018481500953869565,0.9999702809080561,-0.0026391296087136026,-0.004961361586222971,-0.05145264084404841,0.1323947120369397,0.1331808275239183,0,1,0
8.196392785571142,0.005613687298594486,0.017710726933150994,0.9999319633489284,-0.0019158779563840753,-0.006049495062790624,-0.05440667382838256,0.13228709555266327,0.13321976981159037,0,1,0
8.216432865731463,0.005948512992391585,0.016741284689854946,0.9999070636214871,-0.0012449863720673331,-0.0071902731373377875,-0.05703890372735828,0.13215144814604335,0.13323909253442362,0,1,0
8.236472945891784,0.006259461539885223,0.01554742737468193,0.9998938239190063,-0.00066198512403871,-0.0078069597046838135,-0.030834328367301343,0.13216726561548808,0.1330218291370601,0,1,0
8.256513026052104,0.006542263931632147,0.014140119587346189,0.99988922074556,-0.000230158672315685,-0.008423774342336755,-0.03084073188264705,0.13205179763247313,0.1330020407810698,0,1,0
8.276553106212425,0.006794669872312353,0.012620297034010313,0.9998912251752011,0.00010022148205974998,-0.009221794870231911,-0.03990102639475784,0.1318799430400602,0.13305649141031,0,1,0
8.296593186372744,0.00701425475274449,0.010979244021606835,0.9998980729375746,0.0003423881186746244,-0.009938354291671484,-0.03582797107197847,0.13178977251223742,0.13303313484505144,0,1,0
8.316633266533065,0.007198047445454539,0.009189634635502405,0.999908050672205,0.000498886731518137,-0.010748750078593303,-0.04051978934609106,0.13163186572429883,0.1330639161664415,0,1,0
8.336673346693386,0.007343390728543061,0.007267164154426119,0.9999192456827403,0.0005597505267627978,-0.011706373790594247,-0.04788118560004711,0.1314592613553775,0.1331316437885861,0,1,0
8.356713426853707,0.007446852774519809,0.005173102298837384,0.9999300704935141,0.0005412405386933128,-0.012036345851653085,-0.01649860305294188,0.1315708781350018,0.1329665967265341,0,1,0
8.376753507014028,0.007504566578499582,0.002885690198988679,0.9999396917707782,0.0004810638632032164,-0.011658403543687917,0.01889711539825844,0.13171767623643427,0.13273276846421272,0,1,0
8.396793587174349,0.007515571564356403,0.0005502492928410496,0.99994680590606,0.00035570676408713423,-0.011417798258862745,0.012030264241258496,0.13160212299785762,0.1327651158206577,0,1,0
8.41683366733467,0.007481463692622372,-0.001705393586701564,0.9999501998698528,0.0001696981896368403,-0.011318562440177277,0.004961790934273481,0.1315256385294471,0.13285139028977988,0,1,0
8.436873747494989,0.007403054844034637,-0.003920442429386698,0.9999500325375708,-8.366614098837151e-06,-0.010912398135402523,0.0203082152387376,0.13158195856226507,0.1327679777808699,0,1,0
8.45691382765531,0.007280791273376988,-0.006113178532882499,0.9999459098375728,-0.00020613499989601984,-0.010344938117006975,0.02837300091977732,0.13163933780568643,0.13276079147104958,0,1,0
8.47695390781563,0.007116276905820668,-0.008225718377815982,0.9999385961891234,-0.00036568242247033285,-0.009641049850324861,0.035194413334105806,0.13166035872390738,0.13272057309995705,0,1,0
8.496993987975952,0.0069115031109774645,-0.010238689742160191,0.9999278334060571,-0.000538139153316444,-0.008332053527060942,0.06544981616319581,0.13190024179880094,0.13255463490370203,0,1,0
8.517034068136272,0.0066697142819506445,-0.012089441451340995,0.9999147472663579,-0.0006543069849575407,-0.007640496246705864,0.03457786401775412,0.13164442401280455,0.1326856337102373,0,1,0
8.537074148296593,0.006395666574258897,-0.013702385384587366,0.9998975366477706,-0.0008605309293651653,-0.006450735932058872,0.059488015732349436,0.13158705401843718,0.1322864889914344,0,1,0
8.557114228456914,0.006092228937624478,-0.015171881831720968,0.9998694635563448,-0.0014036545712889158,-0.005196192847128611,0.06272715424651318,0.13195903978941054,0.13255547355320862,0,1,0
8.577154308617233,0.005764198364881762,-0.016401528637135822,0.9998400652637104,-0.0014699146317214656,-0.0043124008761679326,0.04418959854803393,0.1319289921423173,0.1327131023523747,0,1,0
8.597194388777554,0.005416420035073317,-0.017388916490422228,0.9998112615700173,-0.0014401846846525863,-0.0034918409915602705,0.0410279942303831,0.1320212396228195,0.13281042417332461,0,1,0
8.617234468937875,0.00505220159972181,-0.018210921767575407,0.9997858768959952,-0.00126923370110931,-0.0024188863148859527,0.053647733833715905,0.132156079342184,0.13273140557322363,0,1,0
8.637274549098196,0.004675178612615467,-0.018851149355317093,0.9997647480120857,-0.0010564441954757924,-0.0020465846728927517,0.018615082099660042,0.13195994578063547,0.13295351503893024,0,1,0
8.657314629258517,0.004289793352971083,-0.019269262982219214,0.9997482687328578,-0.0008239639613925415,-0.0024678683834190554,-0.021064185526315206,0.13170286352039018,0.13323482531986147,0,1,0
8.677354709418838,0.003897001025716011,-0.0196396163627536,0.9997367974690019,-0.0005735631927987178,-0.002263881460237177,0.01019934615909391,0.1318485243282921,0.1330140788988681,0,1,0
8.697394789579159,0.003495154535313323,-0.020092324520134406,0.999729214031672,-0.0003791718664927679,-0.001723511271705944,0.027018509426561668,0.13193554409582506,0.13288337713927087,0,1,0
8.71743486973948,0.003085243302839334,-0.020495561623699452,0.9997248700069467,-0.00021720123626837727,-0.0013682707263675473,0.01776202726691982,0.13187757644219705,0.13293803594231865,0,1,0
8.737474949899799,0.002668984841690927,-0.020812923057420336,0.9997237179593146,-5.760238160416227e-05,-0.00031878457824236536,0.05247430740625911,0.13208730356843554,0.13267159927121017,0,1,0
8.75751503006012,0.002247812492835421,-0.021058617442775304,0.9997249172969995,5.996688424560897e-05,0.0009793563649104612,0.06490704715764131,0.1321910283598265,0.13254345740289453,0,1,0
8.77755511022044,0.0018262909384396228,-0.021076077719789914,0.9997281078373955,0.0001595270198012144,0.0014843543248626806,0.02524989799761096,0.1319796752649078,0.13279082124979633,0,1,0
8.797595190380761,0.001409496917767901,-0.020839701033586087,0.999733819764731,0.0002855963667735725,0.0015935107446555517,0.005457820989643564,0.13185453911596048,0.13291440908643884,0,1,0
8.817635270541082,0.0009990757090109546,-0.020521060437847318,0.9997420256423799,0.0004102938824465255,0.00214549578948651,0.027599252241547925,0.13196275440776095,0.13272913275869094,0,1,0
8.837675350701403,0.0005954369322821692,-0.020181938836439275,0.9997515811332309,0.00047777454255052256,0.002927161739328759,0.039083297492112416,0.13202847185981992,0.1326102398253194,0,1,0
8.857715430861724,0.00020093228344196702,-0.019725232442010108,0.9997616933083192,0.000505608754416789,0.0034156000866276334,0.02442191736494376,0.13195870193276407,0.1326911374921033,0,1,0
8.877755511022043,-0.00018142829422803302,-0.0191180288835,0.9997725187989213,0.0005412745301003622,0.0038231903390652093,0.02037951262187882,0.13192723732922584,0.13268685501343566,0,1,0
8.897795591182364,-0.0005495695263148239,-0.018407061604339543,0.9997835213717513,0.0005501286415022934,0.0038398177039867597,0.0008313682460775185,0.1318049447523794,0.13280991813367796,0,1,0
8.917835671342685,-0.0009021226562850326,-0.017627656498510433,0.9997947065208638,0.0005592574556228104,0.0040810886103897995,0.012063545320152013,0.1318472688793556,0.1327065718680949,0,1,0
8.937875751503006,-0.0012388926298093916,-0.01683849867621795,0.9998051698297097,0.0005231654422982184,0.004148257563444884,0.003358447652754311,0.13180318361154073,0.1327704890157748,0,1,0
8.957915831663327,-0.0015591504375654197,-0.016012890387801407,0.999815201950677,0.0005016060483653196,0.0045226323911525335,0.018718741385382348,0.13187298414926182,0.13263116268847924,0,1,0
8.977955911823647,-0.0018625773790036976,-0.0151713470719139,0.9998237721550283,0.0004285102175630225,0.004895234055957122,0.01863008324022943,0.13188420531970246,0.13261762545798175,0,1,0
8.997995991983968,-0.0021478512710791458,-0.0142636946037724,0.9998308409650112,0.00035344049914690036,0.005498427285441011,0.030159661474194494,0.13193576080562033,0.1324832531679022,0,1,0
9.018036072144287,-0.0024137733003608323,-0.013296101464084316,0.9998351758289129,0.00021674319508428118,0.006646574479426103,0.05740735969925462,0.1320885167354702,0.13221050172473128,0,1,0
9.038076152304608,-0.002657743778164744,-0.012198523890195587,0.9998349890044888,-9.34122120574898e-06,0.007492622116656096,0.04230238186149968,0.13194007099717955,0.13189203319727902,0,1,0
9.05811623246493,-0.0028748168450128957,-0.010853653342407576,0.9998233397619661,-0.0005824621261289125,0.006909097637494066,-0.029176223958101474,0.13167574493625345,0.13249830794935955,0,1,0
9.07815631262525,-0.0030618925005355437,-0.009353782776132394,0.9998052797569578,-0.0009030002504161394,0.006023185718181494,-0.044295595965628695,0.1316715167384277,0.13270996613790825,0,1,0
9.098196392785571,-0.003221874856083353,-0.007999117777390482,0.9997839035608078,-0.0010688098075000317,0.006197934628447725,0.00873744551331157,0.13200948076668492,0.1323555694113043,0,1,0
9.118236472945892,-0.003358296082016137,-0.006821061296639197,0.9997589928224903,-0.0012455369158794842,0.006953424394694294,0.03777448831232855,0.13227110489445293,0.13216540548510708,0,1,0
9.138276553106213,-0.003469809367494664,-0.005575664273926341,0.9997316048370442,-0.0013693992723045972,0.0066262980726883485,-0.016356316100297315,0.13207982946793306,0.1326083396892754,0,1,0
9.158316633266534,-0.003553334238188087,-0.004176243534671149,0.9997054503001049,-0.001307726846958574,0.005502934183369973,-0.05616819446591883,0.13190506368151286,0.13296050553139907,0,1,0
9.178356713426853,-0.003610479211404744,-0.002857248660832869,0.9996831649916721,-0.0011142654216415937,0.004623688644484288,-0.04396227694428426,0.13192764687290437,0.13286742824131847,0,1,0
9.198396793587174,-0.003645607440427615,-0.001756411451143535,0.9996637281709682,-0.0009718410351983314,0.003757453054427748,-0.04331177950282696,0.13190129650984422,0.13286733150603858,0,1,0
9.218436873747494,-0.0036624620692708933,-0.0008427314421639193,0.9996467631952789,-0.0008482487844624587,0.0034544405488260202,-0.015150625280086413,0.13203792879694046,0.13265588239186188,0,1,0
9.238476953907815,-0.003664095039960062,-8.164853445844866e-05,0.9996311739212407,-0.0007794637019136316,0.002732689488000621,-0.03608755304126994,0.1319350610418796,0.13283513693640053,0,1,0
9.258517034068136,-0.0036518351724232796,0.0006129933768391303,0.9996180951759118,-0.0006539372664419942,0.0020733474398634036,-0.032967102406860876,0.1319233802213079,0.13281558090894685,0,1,0
9.278557114228457,-0.0036283954105794532,0.0011719880921913168,0.9996070709422108,-0.0005512116850499572,0.001218457796347905,-0.04274448217577492,0.13185278522295496,0.13291224188242962,0,1,0
9.298597194388778,-0.003596823050716425,0.0015786179931514101,0.9995984919544842,-0.00042894938632556385,0.0011756246992362797,-0.002141654855581286,0.13205170302385993,0.13260812569740033,0,1,0
9.318637274549097,-0.0035601777718908675,0.0018322639412778666,0.9995908032820502,-0.0003844336217011652,0.0009595560627908071,-0.01080343182227362,0.13201968279404883,0.13268315993084628,0,1,0
9.338677354709418,-0.0035183348388726165,0.00209214665091255,0.9995846416580382,-0.00030808120059994777,8.541403344436888e-05,-0.04370710146732191,0.13183227503995193,0.13295075359850822,0,1,0
9.358717434869739,-0.0034723847487361788,0.0022975045068218862,0.9995811947032199,-0.00017234774091087,-0.0006192933493805605,-0.035235369141246475,0.1318008869383999,0.13286647098133378,0,1,0
9.37875751503006,-0.003425439356621926,0.0023472696057126384,0.9995787483931231,-0.000122315504843772,-0.0018150611683681577,-0.05978839094937985,0.13158688065451601,0.13304214592964184,0,1,0
9.39879759519038,-0.0033804970012587016,0.002247117768161222,0.9995767333163532,-0.00010075383849297284,-0.0027371998945272596,-0.04610693630795507,0.13160085149729905,0.13297138984495083,0,1,0
9.418837675350701,-0.0033421838662316553,0.0019156567513523245,0.9995743021594597,-0.00012155784467289532,-0.0035666973424514394,-0.041474872396209,0.13161685700827466,0.13300997985126053,0,1,0
9.438877755511022,-0.0033139660880656774,0.0014108889082988891,0.999572255848013,-0.00010231557233414236,-0.004565371304886156,-0.04993369812173577,0.13153471759763158,0.13312766941953974,0,1,0
9.458917835671341,-0.0033000029453188638,0.0006981571373406894,0.9995711104883783,-5.726798173245594e-05,-0.003812096931309597,0.03766371867882787,0.1321125573725931,0.1326022801100013,0,1,0
9.478957915831662,-0.0033036667308253727,-0.00018318927532545454,0.9995716264725272,2.5799207444698614e-05,-0.003223265851701927,0.02944155398038356,0.13210305850937965,0.13266175270965458,0,1,0
9.498997995991983,-0.0033221264236390946,-0.0009229846406861006,0.9995745551909124,0.00014643591926542527,-0.002484553190940318,0.036935633038080395,0.1321271426192248,0.13254951761236078,0,1,0
9.519038076152304,-0.0033526629044728007,-0.0015268240416853038,0.9995785969020783,0.00020208555829194586,-0.0024635563071000862,0.00104984419201163,0.13195757786987658,0.13282366111535737,0,1,0
9.539078156312625,-0.0033925877690617074,-0.001996243229445328,0.9995853082895289,0.000335569372528602,-0.0023921525817890915,0.003570186265549741,0.13249664850343404,0.13437851136410753,0,1,0
9.559118236472946,-0.003442131314377945,-0.002477177265811877,0.9996257083713811,0.0020200040926102035,-0.0009878175443302716,0.07021675187294102,0.13208438150293142,0.1330605910819534,0,1,0
9.579158316633267,-0.003500566945745042,-0.0029217815683548407,0.9996741384587985,0.002421504370868901,0.00030041991277749656,0.06441187285538838,0.13198449330719123,0.1329352013275837,0,1,0
9.599198396793588,-0.0035626079437182426,-0.0031020498986600383,0.9997272639570861,0.00265627491438056,0.001915052061743494,0.08073160744829988,0.13209600500301785,0.13271741862090258,0,1,0
9.619238476953907,-0.0036230731069679337,-0.003023258162484565,0.9997835084358359,0.0028122239374896033,0.003355609099648023,0.07202785189522642,0.1320461679268821,0.13264574082630612,0,1,0
9.639278557114228,-0.0036758680851491647,-0.002639748909061549,0.9998410621537285,0.0028776858946334655,0.005058623386550864,0.085150714345142,0.13216803423284504,0.13244881957895513,0,1,0
9.659318637274549,-0.0037152841872343536,-0.001970805104259447,0.9998987972637434,0.002886755500749969,0.006634470931369141,0.07879237724091383,0.13216892451080056,0.1323658964869743,0,1,0
9.67935871743487,-0.003734486785096034,-0.0009601298930840367,0.9999554702660879,0.0028336501172242343,0.0076780540749981,0.05217915718144797,0.13202516125580213,0.13241440010660305,0,1,0
9.69939879759519,-0.0037273725714129327,0.0003557106841550854,1.0000096347065446,0.002708222022830342,0.008433861370070126,0.03779036475360132,0.13192606205902732,0.13237402747128887,0,1,0
9.719438877755511,-0.003689394987288508,0.0018988792062212467,1.0000591971636263,0.0024781228540879476,0.00799390468689835,-0.021997834158588817,0.1315619476453828,0.1327082986355465,0,1,0
9.739478957915832,-0.0036180603065512416,0.003566734036863308,1.0001036953664084,0.002224910139101009,0.007760803078423387,-0.011655080423748042,0.13159719960911775,0.13257262483991958,0,1,0
9.759519038076151,-0.0035154397650656536,0.005131027074279393,1.0001416598052215,0.001898221940650285,0.008195705489404239,0.02174512054904247,0.13180229084544087,0.13227217805932032,0,1,0
9.779559118236472,-0.003381752369805172,0.00668436976302408,1.0001716902445992,0.00150152196888743,0.0074866589965316335,-0.03545232464363027,0.1315214879279927,0.13267090279712374,0,1,0
9.799599198396793,-0.0032156542004551643,0.008304908467500401,1.0001955263902618,0.0011918072831307398,0.0068468128537179105,-0.03199230714068615,0.1315573612521267,0.13264624040377582,0,1,0
9.819639278557114,-0.003020102577239455,0.009777581160785481,1.0002133610459276,0.0008917327832869144,0.006530808284337118,-0.01580022846903963,0.13168171358447764,0.13252952489583994,0,1,0
9.839679358717435,-0.002797099469292601,0.011150155397342699,1.0002253301166826,0.0005984535377483623,0.0053316074010403,-0.05996004416484092,0.13147377076754552,0.13288319093867274,0,1,0
9.859719438877756,-0.002548306739682962,0.012439636480481938,1.0002336054181729,0.00041376507450894607,0.004502967046771041,-0.0414320177134629,0.13158765765065839,0.13277263193498684,0,1,0
9.879759519038076,-0.002278414187782431,0.013494627595026556,1.0002382670871979,0.00023308345124773024,0.003811908760869381,-0.03455291429508302,0.13165119004717743,0.13274314913963198,0,1,0
9.899799599198396,-0.0019909032607617516,0.014375546351033976,1.0002398384382931,7.856755475988864e-05,0.0036104336696456086,-0.010073754561188638,0.1318199517556541,0.13256782030977032,0,1,0
9.919839679358716,-0.0016881791951128765,0.015136203282443755,1.0002382359394932,-8.012493998932484e-05,0.0030124343386091126,-0.02989996655182481,0.13173021906641924,0.1327033084656777,0,1,0
9.939879759519037,-0.0013712366647527935,0.01584712651800415,1.000234142950362,-0.00020464945655534632,0.0025754442888706597,-0.021849502486922648,0.1318031166635791,0.1326494491493501,0,1,0
9.959919839679358,-0.001042150072729694,0.016454329601154977,1.0002278513007306,-0.00031458248157564464,0.0016594490371423707,-0.04579976258641445,0.13169952455192782,0.132848492639114,0,1,0
9.97995991983968,-0.0007024905048655263,0.016982978393208382,1.0002207816536166,-0.0003534823556977277,0.0002227495918186907,-0.07183497226618399,0.13158344430314325,0.13311515516015504,0,1,0
10.0,-0.00035625840161287845,0.01731160516263239,1.0002151730916802,-0.00028042809682224314,-0.0006459439764489827,-0.043434678413383665,0.13175390422063762,0.13296567344915963,0,1,0
